-- --------------------------------------------------------
-- Host:                         geocan.com.ar
-- Server version:               5.0.95 - Source distribution
-- Server OS:                    redhat-linux-gnu
-- HeidiSQL version:             7.0.0.4053
-- Date/time:                    2012-10-09 20:24:25
-- --------------------------------------------------------

/*!40101 SET @OLD_CHARACTER_SET_CLIENT=@@CHARACTER_SET_CLIENT */;
/*!40101 SET NAMES utf8 */;
/*!40014 SET FOREIGN_KEY_CHECKS=0 */;

-- Dumping structure for table geocan.acos
DROP TABLE IF EXISTS `acos`;
CREATE TABLE IF NOT EXISTS `acos` (
  `id` int(10) unsigned NOT NULL auto_increment,
  `parent_id` int(10) default NULL,
  `model` varchar(255) default '',
  `foreign_key` int(10) unsigned default NULL,
  `alias` varchar(255) default '',
  `lft` int(10) default NULL,
  `rght` int(10) default NULL,
  PRIMARY KEY  (`id`)
) ENGINE=InnoDB AUTO_INCREMENT=132 DEFAULT CHARSET=utf8;

-- Dumping data for table geocan.acos: ~115 rows (approximately)
DELETE FROM `acos`;
/*!40000 ALTER TABLE `acos` DISABLE KEYS */;
INSERT INTO `acos` (`id`, `parent_id`, `model`, `foreign_key`, `alias`, `lft`, `rght`) VALUES
	(1, NULL, NULL, NULL, 'controllers', 1, 230),
	(2, 1, NULL, NULL, 'Addresses', 2, 17),
	(3, 2, NULL, NULL, 'index', 3, 4),
	(4, 2, NULL, NULL, 'view', 5, 6),
	(5, 2, NULL, NULL, 'add', 7, 8),
	(6, 2, NULL, NULL, 'edit', 9, 10),
	(7, 2, NULL, NULL, 'delete', 11, 12),
	(9, 1, NULL, NULL, 'Answers', 18, 29),
	(10, 9, NULL, NULL, 'index', 19, 20),
	(11, 9, NULL, NULL, 'view', 21, 22),
	(12, 9, NULL, NULL, 'add', 23, 24),
	(13, 9, NULL, NULL, 'edit', 25, 26),
	(14, 9, NULL, NULL, 'delete', 27, 28),
	(16, 1, NULL, NULL, 'Cities', 30, 45),
	(17, 16, NULL, NULL, 'index', 31, 32),
	(18, 16, NULL, NULL, 'view', 33, 34),
	(19, 16, NULL, NULL, 'add', 35, 36),
	(20, 16, NULL, NULL, 'edit', 37, 38),
	(21, 16, NULL, NULL, 'delete', 39, 40),
	(23, 1, NULL, NULL, 'Groups', 46, 59),
	(24, 23, NULL, NULL, 'index', 47, 48),
	(25, 23, NULL, NULL, 'view', 49, 50),
	(26, 23, NULL, NULL, 'add', 51, 52),
	(27, 23, NULL, NULL, 'edit', 53, 54),
	(28, 23, NULL, NULL, 'delete', 55, 56),
	(30, 1, NULL, NULL, 'MedicTypes', 60, 71),
	(31, 30, NULL, NULL, 'index', 61, 62),
	(32, 30, NULL, NULL, 'view', 63, 64),
	(33, 30, NULL, NULL, 'add', 65, 66),
	(34, 30, NULL, NULL, 'edit', 67, 68),
	(35, 30, NULL, NULL, 'delete', 69, 70),
	(37, 1, NULL, NULL, 'Medics', 72, 85),
	(38, 37, NULL, NULL, 'index', 73, 74),
	(39, 37, NULL, NULL, 'view', 75, 76),
	(40, 37, NULL, NULL, 'add', 77, 78),
	(41, 37, NULL, NULL, 'edit', 79, 80),
	(42, 37, NULL, NULL, 'delete', 81, 82),
	(44, 1, NULL, NULL, 'Notes', 86, 97),
	(45, 44, NULL, NULL, 'index', 87, 88),
	(46, 44, NULL, NULL, 'view', 89, 90),
	(47, 44, NULL, NULL, 'add', 91, 92),
	(48, 44, NULL, NULL, 'edit', 93, 94),
	(49, 44, NULL, NULL, 'delete', 95, 96),
	(51, 1, NULL, NULL, 'OmsCodes', 98, 115),
	(52, 51, NULL, NULL, 'index', 99, 100),
	(53, 51, NULL, NULL, 'view', 101, 102),
	(54, 51, NULL, NULL, 'add', 103, 104),
	(55, 51, NULL, NULL, 'edit', 105, 106),
	(56, 51, NULL, NULL, 'delete', 107, 108),
	(58, 1, NULL, NULL, 'OmsRegisters', 116, 129),
	(59, 58, NULL, NULL, 'index', 117, 118),
	(60, 58, NULL, NULL, 'view', 119, 120),
	(61, 58, NULL, NULL, 'add', 121, 122),
	(62, 58, NULL, NULL, 'edit', 123, 124),
	(63, 58, NULL, NULL, 'delete', 125, 126),
	(65, 1, NULL, NULL, 'Pages', 130, 133),
	(66, 65, NULL, NULL, 'display', 131, 132),
	(68, 1, NULL, NULL, 'Patients', 134, 153),
	(69, 68, NULL, NULL, 'index', 135, 136),
	(70, 68, NULL, NULL, 'view', 137, 138),
	(71, 68, NULL, NULL, 'add', 139, 140),
	(72, 68, NULL, NULL, 'edit', 141, 142),
	(73, 68, NULL, NULL, 'delete', 143, 144),
	(75, 1, NULL, NULL, 'Provinces', 154, 167),
	(76, 75, NULL, NULL, 'index', 155, 156),
	(77, 75, NULL, NULL, 'view', 157, 158),
	(78, 75, NULL, NULL, 'add', 159, 160),
	(79, 75, NULL, NULL, 'edit', 161, 162),
	(80, 75, NULL, NULL, 'delete', 163, 164),
	(82, 1, NULL, NULL, 'Questions', 168, 179),
	(83, 82, NULL, NULL, 'index', 169, 170),
	(84, 82, NULL, NULL, 'view', 171, 172),
	(85, 82, NULL, NULL, 'add', 173, 174),
	(86, 82, NULL, NULL, 'edit', 175, 176),
	(87, 82, NULL, NULL, 'delete', 177, 178),
	(89, 1, NULL, NULL, 'Users', 180, 207),
	(90, 89, NULL, NULL, 'index', 181, 182),
	(91, 89, NULL, NULL, 'view', 183, 184),
	(92, 89, NULL, NULL, 'add', 185, 186),
	(93, 89, NULL, NULL, 'edit', 187, 188),
	(94, 89, NULL, NULL, 'delete', 189, 190),
	(95, 89, NULL, NULL, 'login', 191, 192),
	(96, 89, NULL, NULL, 'logout', 193, 194),
	(98, 1, NULL, NULL, 'AclExtras', 208, 209),
	(99, 16, NULL, NULL, 'getCiudades', 41, 42),
	(100, 23, NULL, NULL, 'build_acl', 57, 58),
	(101, 51, NULL, NULL, 'getSigNivel', 109, 110),
	(102, 51, NULL, NULL, 'help', 111, 112),
	(103, 89, NULL, NULL, 'initDB', 195, 196),
	(105, 51, NULL, NULL, 'sugerencias', 113, 114),
	(106, 68, NULL, NULL, 'search', 145, 146),
	(107, 68, NULL, NULL, 'result', 147, 148),
	(108, 68, NULL, NULL, 'editAnswers', 149, 150),
	(109, 68, NULL, NULL, 'recuperarPaciente', 151, 152),
	(110, 89, NULL, NULL, 'editPassword', 197, 198),
	(111, 89, NULL, NULL, 'resetPassword', 199, 200),
	(112, 2, NULL, NULL, 'reporte', 13, 14),
	(113, 58, NULL, NULL, 'checkDelete', 127, 128),
	(114, 2, NULL, NULL, 'reporteBusqueda', 15, 16),
	(115, 16, NULL, NULL, 'checkDelete', 43, 44),
	(116, 37, NULL, NULL, 'checkDelete', 83, 84),
	(117, 75, NULL, NULL, 'checkDelete', 165, 166),
	(118, 89, NULL, NULL, 'captcha', 201, 202),
	(119, 89, NULL, NULL, 'reload_captcha', 203, 204),
	(120, 1, NULL, NULL, 'AuditLog', 210, 211),
	(122, 1, NULL, NULL, 'Audits', 212, 215),
	(123, 122, NULL, NULL, 'index', 213, 214),
	(124, 1, NULL, NULL, 'Jobs', 216, 227),
	(125, 124, NULL, NULL, 'index', 217, 218),
	(126, 124, NULL, NULL, 'view', 219, 220),
	(127, 124, NULL, NULL, 'add', 221, 222),
	(128, 124, NULL, NULL, 'edit', 223, 224),
	(129, 124, NULL, NULL, 'delete', 225, 226),
	(130, 1, NULL, NULL, 'Filter', 228, 229),
	(131, 89, NULL, NULL, 'cambiarBlocked', 205, 206);
/*!40000 ALTER TABLE `acos` ENABLE KEYS */;


-- Dumping structure for table geocan.addresses
DROP TABLE IF EXISTS `addresses`;
CREATE TABLE IF NOT EXISTS `addresses` (
  `id` int(10) unsigned NOT NULL auto_increment,
  `city_id` int(10) unsigned NOT NULL,
  `latitud` double NOT NULL,
  `longitud` double NOT NULL,
  `direccion` varchar(255) default NULL,
  PRIMARY KEY  (`id`),
  KEY `FK_address_city` (`city_id`),
  CONSTRAINT `FK_address_city` FOREIGN KEY (`city_id`) REFERENCES `cities` (`id`)
) ENGINE=InnoDB AUTO_INCREMENT=155 DEFAULT CHARSET=utf8;

-- Dumping data for table geocan.addresses: ~153 rows (approximately)
DELETE FROM `addresses`;
/*!40000 ALTER TABLE `addresses` DISABLE KEYS */;
INSERT INTO `addresses` (`id`, `city_id`, `latitud`, `longitud`, `direccion`) VALUES
	(2, 1, -38.7190841, -62.2654023, 'Alsina 1'),
	(3, 1, -38.7058369, -62.2671652, 'Salta 500'),
	(4, 1, -38.7092936, -62.2700189, 'Alvarado 700'),
	(5, 1, -38.7045059, -62.2615128, 'Fuerte Argentino'),
	(6, 1, -38.7295799, -62.2804450999999, 'Av Colón'),
	(7, 1, -38.7219369, -62.2750091, 'Terrada 200'),
	(8, 1, -38.7161803, -62.2658204, 'Sarmiento 100'),
	(9, 1, -38.7110278, -62.2781204, 'Estomba 900'),
	(10, 1, -38.7000692, -62.263954, 'Cerrito 1100'),
	(11, 1, -38.7003684, -62.3094539, 'Almafuerte 3100'),
	(12, 1, -38.7139133, -62.2477072, 'Charcas 1100'),
	(13, 1, -38.7111594, -62.2529872, 'Las Heras 1000'),
	(14, 1, -38.7186148, -62.2626742, 'Belgrano 100'),
	(15, 1, -38.7196884, -62.252903, 'Darwin'),
	(16, 1, -38.7399958, -62.2392298, 'Cramer 1'),
	(17, 1, -38.6847185, -62.3106636, 'Estomba 5000'),
	(18, 1, -38.7306137, -62.2774277, 'Donado'),
	(19, 1, -38.7189506, -62.2494325, 'Newton 500'),
	(20, 1, -38.7325851, -62.2363228, 'Punta Alta 600'),
	(21, 1, -38.6797295, -62.2801819, 'Pigue'),
	(22, 1, -38.7135327, -62.2691502, '11 de Abril 100'),
	(23, 1, -38.7225971, -62.2695411, 'O Higgins 300'),
	(24, 1, -38.7152399, -62.2647057, 'Mitre 100'),
	(25, 1, -38.7098297, -62.266891, 'Zapiola 500'),
	(26, 1, -38.7190841, -62.2654023, 'Alsina 1'),
	(27, 1, -38.7190841, -62.2654023, 'Alsina 1'),
	(28, 1, -38.7184177, -62.2773787, 'Viamonte 500'),
	(29, 1, -38.7184177, -62.2773787, 'Viamonte 500'),
	(30, 1, -38.7177, -62.3086177, 'Pampa Central 2000'),
	(31, 1, -38.7206898, -62.239165, 'Av Lainez 900'),
	(32, 1, -38.7270884, -62.2397201, 'Newton 1700'),
	(33, 1, -38.7152635, -62.2587387, 'Belgrano 500'),
	(34, 1, -38.7126424, -62.2703173999999, 'Zelarrayán 500'),
	(35, 1, -38.6922679, -62.2744635, 'Alberti 1000'),
	(36, 1, -38.7037118, -62.254521, 'La Falda 300'),
	(37, 1, -38.698623, -62.2730852, 'Aguado 1200'),
	(38, 1, -38.7147249, -62.2521143, 'Lavalle 800'),
	(39, 1, -38.7255803, -62.2454846, '14 de Julio 600'),
	(40, 1, -38.7313572, -62.2803349, 'Tte. Farias 100'),
	(41, 1, -38.7054641, -62.2566587, 'Witcomb 400'),
	(42, 1, -38.704559, -62.2783473, 'Mitre 1300'),
	(43, 1, -38.7184088, -62.2503383, 'Darwin 1000'),
	(44, 1, -38.7196884, -62.252903, 'Darwin'),
	(45, 1, -38.7067063, -62.3141706, 'Don Bosco 3000'),
	(46, 1, -38.7185836, -62.2582899, 'Lavalle 300'),
	(47, 1, -38.7177124, -62.3123016, 'Martín Gil'),
	(48, 1, -38.7035584, -62.292186, '17 de Mayo 200'),
	(49, 1, -38.7177124, -62.3123016, 'Martín Gil'),
	(50, 1, -38.6934446, -62.3042318, 'Vieytes 3400'),
	(51, 1, -38.7128275, -62.2617501, 'Av Alem 200'),
	(52, 1, -38.7159288, -62.2616549, 'Alsina 300'),
	(53, 1, -38.7098297, -62.266891, 'Zapiola 500'),
	(54, 1, -38.7312355, -62.2325512, 'Necochea 900'),
	(55, 1, -38.7175727, -62.2785209, 'Patricios 400'),
	(56, 1, -38.7233163, -62.2661243, 'Saavedra 300'),
	(57, 1, -38.7158506, -62.2501911, 'Brandsen 1000'),
	(58, 1, -38.7397123, -62.2431489, 'Brown 2300'),
	(59, 1, -38.7090896, -62.2589722, 'Rodríguez 800'),
	(60, 1, -38.7024552, -62.2176291, 'Lauquen 100'),
	(61, 1, -38.6976862, -62.2117385, 'Lauquen 500'),
	(62, 1, -38.7127743, -62.2616648, 'Sarmiento 500'),
	(63, 1, -38.7046766, -62.2163407, 'Pilmaiquén 1500'),
	(64, 1, -38.7046766, -62.2163407, 'Pilmaiquén 1500'),
	(65, 1, -38.7130653, -62.2276952, '14 de Julio 2500'),
	(66, 1, -38.7143704, -62.2636414, 'Alvarado 100'),
	(67, 1, -38.726921, -62.2552265, 'Chiclana 1000'),
	(68, 1, -38.7251145, -62.2662187, 'España 300'),
	(69, 1, -38.7207915, -62.2632134, 'Chiclana 300'),
	(70, 1, -38.7153068, -62.2669225, 'Rodríguez 100'),
	(71, 1, -38.7279602, -62.2803674, 'Moreno 1000'),
	(72, 1, -38.7064321, -62.2759856, 'Mitre 1100'),
	(73, 1, -38.6911443, -62.281786, 'Av Alem 2300'),
	(74, 1, -38.7144347, -62.2680479, 'Zelarrayán 300'),
	(75, 1, -38.7260997, -62.2562893, 'Chiclana 900'),
	(76, 1, -38.7092352, -62.2675432, 'Zapiola 600'),
	(77, 1, -38.6965027, -62.2857666, 'Nicaragua'),
	(78, 1, -38.71931, -62.2762042, 'Viamonte 400'),
	(79, 1, -38.7134622, -62.2668955, 'Mitre 300'),
	(80, 1, -38.7260997, -62.2562893, 'Chiclana 900'),
	(81, 1, -38.7043783, -62.2846498, 'Estomba 1600'),
	(82, 1, -38.6986055, -62.2730835, 'Av Alem 1500'),
	(83, 1, -38.7210212, -62.2828011, 'Patricios 800'),
	(84, 1, -38.7469297, -62.2423174, 'Thompson 3700'),
	(85, 1, -38.7323689, -62.2541995, 'Saavedra 1300'),
	(86, 1, -38.7346141, -62.2537141, 'Chubut 300'),
	(87, 1, -38.727654, -62.2628396, 'Berutti 700'),
	(88, 1, -38.7450816, -62.2875391, 'Undiano 2600'),
	(89, 1, -38.6670627, -62.2815127, 'Francisco P. de Salvo 3500'),
	(90, 1, -38.7364164, -62.2537036, 'Darregueira 1500'),
	(91, 1, -38.6880293, -62.3027612, 'Zelarrayán 3700'),
	(92, 1, -38.7443923, -62.2406341, 'Esmeralda 300'),
	(93, 1, -38.7522499, -62.2315215, 'Avenente 500'),
	(94, 1, -38.752115, -62.2294833, 'Mascarello 200'),
	(95, 1, -38.6996644, -62.2875069, 'Zelarrayán 2100'),
	(96, 1, -38.7177371, -62.2638105, 'Alsina 100'),
	(97, 1, -38.7173099, -62.2276273, 'Remedios de Escalada 2300'),
	(98, 1, -38.7158903, -62.2807449, 'Juan Molina 400'),
	(99, 1, -38.7267609, -62.2419391, 'Washington 700'),
	(100, 1, -38.7311096, -62.2344818, 'Newton'),
	(101, 1, -38.7056761, -62.2644131, 'Paraguay 700'),
	(102, 1, -38.7116203, -62.2949866, 'Almafuerte 1700'),
	(103, 1, -38.7040352, -62.2732229, 'San Juan 400'),
	(104, 1, -38.7184842, -62.2488464, 'Balboa 600'),
	(105, 1, -38.7228117, -62.2553455, 'Soler 800'),
	(106, 1, -38.735611, -62.2384415, 'Rivadavia'),
	(107, 1, -38.7329812, -62.2717301, 'Undiano 1000'),
	(108, 1, -38.7054641, -62.2566587, 'Witcomb 300'),
	(109, 1, -38.7438583, -62.208046, 'Lainez'),
	(110, 1, -38.7328001, -62.2536387, 'Saavedra 1400'),
	(111, 1, -38.7348477, -62.2696009, '25 de Mayo 1000'),
	(112, 1, -38.7334536, -62.2982118, 'Patricios 4400'),
	(113, 1, -38.7366262, -62.2740395, 'Tte. Farias 700'),
	(114, 1, -38.6805223, -62.2951159, 'Av Alem 3700'),
	(115, 1, -38.7055293, -62.2301673, 'Pellegrini 1600'),
	(116, 1, -38.7367986, -62.2395056, 'Necochea 200'),
	(117, 1, -38.7020461, -62.2566626, 'La Falda 500'),
	(118, 1, -38.7157306, -62.2740658, 'Blandengues 100'),
	(119, 1, -38.721849, -62.2795358, 'Roca 700'),
	(120, 1, -38.7190606, -62.2516587, 'Darwin 600'),
	(121, 1, -38.7342873, -62.2321014, 'Sócrates'),
	(122, 1, -38.6855174, -62.2889656, 'Av Alem 3000'),
	(123, 1, -38.7334536, -62.2982118, 'Patricios 4000'),
	(124, 1, -38.732097, -62.2986715, 'Holdich 3000'),
	(125, 1, -38.7166136, -62.2751662, 'Güemes 500'),
	(126, 1, -38.7201705, -62.283911, 'Holdich 800'),
	(127, 1, -38.6918675, -62.2808515, 'Mallea 700'),
	(128, 1, -38.7320287, -62.2878001, 'Jujuy 200'),
	(129, 1, -38.7370127, -62.2545153, 'Thompson 1600'),
	(130, 1, -38.6931992, -62.2788658, 'Cuyo'),
	(131, 1, -38.6920191, -62.2791518, '12 de Octubre 2100'),
	(132, 1, -38.753854, -62.2271686, 'Saavedra 4000'),
	(133, 1, -38.703643, -62.2524238, 'Rodríguez 1500'),
	(134, 1, -38.7177429, -62.2593727, 'Lamadrid'),
	(135, 1, -38.6874626, -62.2956634, 'Zapiola 4000'),
	(136, 1, -38.6990393, -62.3054343, 'Terrada 3000'),
	(137, 1, -38.7439849, -62.2339805, 'Chiclana 3000'),
	(138, 1, -38.7321012, -62.2943155, 'Blandengues 2000'),
	(139, 1, -38.7334536, -62.2982118, 'Patricios 4000'),
	(140, 1, -38.7321175, -62.2639575, 'Italia 900'),
	(141, 1, -38.7242408, -62.2553479, 'San Martín 1200'),
	(142, 1, -38.7346696, -62.2276468, 'Ranqueles 900'),
	(143, 1, -38.728101, -62.2203148, 'Misioneros 1900'),
	(144, 1, -38.7188765, -62.2983085, 'Don Bosco 1400'),
	(145, 1, -38.73098, -62.2364117, 'Rastreador Fournier 700'),
	(146, 1, -38.7338428, -62.2594328, 'Montevideo 500'),
	(147, 1, -38.7216423, -62.2683854, 'Saavedra 100'),
	(148, 1, -38.7294552, -62.269675, 'Santa Fe 500'),
	(149, 1, -38.7242408, -62.2553479, 'San Martín 1400'),
	(150, 1, -38.7302632, -62.2593988, 'Berutti 1000'),
	(151, 1, -38.730484, -62.279274, 'O Higgins'),
	(152, 1, -38.7524746, -62.2777737, 'Río Negro 2600'),
	(153, 1, -38.7293935, -62.2627786, 'Darregueira 800'),
	(154, 1, -38.7128275, -62.2617501, 'Av Alem 200');
/*!40000 ALTER TABLE `addresses` ENABLE KEYS */;


-- Dumping structure for table geocan.answers
DROP TABLE IF EXISTS `answers`;
CREATE TABLE IF NOT EXISTS `answers` (
  `id` int(10) unsigned NOT NULL auto_increment,
  `patient_id` char(36) NOT NULL,
  `question_id` int(10) unsigned NOT NULL,
  `valor` tinyint(1) NOT NULL,
  PRIMARY KEY  (`id`),
  KEY `FK_respuesta_paciente` USING BTREE (`patient_id`),
  KEY `FK_answer_question` (`question_id`),
  CONSTRAINT `FK_answer_patient` FOREIGN KEY (`patient_id`) REFERENCES `patients` (`id`),
  CONSTRAINT `FK_answer_question` FOREIGN KEY (`question_id`) REFERENCES `questions` (`id`)
) ENGINE=InnoDB AUTO_INCREMENT=300 DEFAULT CHARSET=utf8;

-- Dumping data for table geocan.answers: ~237 rows (approximately)
DELETE FROM `answers`;
/*!40000 ALTER TABLE `answers` DISABLE KEYS */;
INSERT INTO `answers` (`id`, `patient_id`, `question_id`, `valor`) VALUES
	(1, '4fdfcc0a-d64c-42e0-9e2d-160c7be0049b', 1, 0),
	(2, '4fdfcc0a-d64c-42e0-9e2d-160c7be0049b', 2, 0),
	(3, '4fdfcc0a-d64c-42e0-9e2d-160c7be0049b', 3, 0),
	(4, '4feb92e1-de74-4680-9ba5-10e8c0a80164', 1, 0),
	(5, '4feb92e1-de74-4680-9ba5-10e8c0a80164', 3, 1),
	(6, '4feb92e1-de74-4680-9ba5-10e8c0a80164', 4, 0),
	(7, '4feb9307-60e8-4384-b436-10e8c0a80164', 1, 1),
	(8, '4feb9307-60e8-4384-b436-10e8c0a80164', 2, 0),
	(9, '4feb9307-60e8-4384-b436-10e8c0a80164', 3, 0),
	(10, '4feb9307-60e8-4384-b436-10e8c0a80164', 4, 0),
	(11, '4feb933c-36dc-4309-b7c8-10e8c0a80164', 2, 1),
	(12, '4feb933c-36dc-4309-b7c8-10e8c0a80164', 3, 0),
	(13, '4feb933c-36dc-4309-b7c8-10e8c0a80164', 4, 1),
	(14, '4feb940c-657c-458b-bed9-10e8c0a80164', 1, 0),
	(15, '4feb940c-657c-458b-bed9-10e8c0a80164', 3, 0),
	(16, '4feb940c-657c-458b-bed9-10e8c0a80164', 4, 0),
	(17, '4feb9422-3364-4746-8db7-10e8c0a80164', 1, 0),
	(18, '4feb9422-3364-4746-8db7-10e8c0a80164', 2, 1),
	(19, '4feb9422-3364-4746-8db7-10e8c0a80164', 3, 0),
	(20, '4feb9422-3364-4746-8db7-10e8c0a80164', 4, 0),
	(21, '4feb9524-f774-4c06-88c5-10e8c0a80164', 1, 1),
	(22, '4feb9581-38b4-49cc-bfdd-10e8c0a80164', 1, 1),
	(23, '4feb9581-38b4-49cc-bfdd-10e8c0a80164', 2, 1),
	(24, '4feb95eb-109c-4503-9170-10e8c0a80164', 1, 0),
	(25, '4feb95eb-109c-4503-9170-10e8c0a80164', 2, 0),
	(26, '4feb95eb-109c-4503-9170-10e8c0a80164', 3, 1),
	(27, '4feb95eb-109c-4503-9170-10e8c0a80164', 4, 0),
	(28, '4feb967b-a8cc-400c-8581-10e8c0a80164', 1, 0),
	(29, '4feb967b-a8cc-400c-8581-10e8c0a80164', 2, 1),
	(30, '4feb967b-a8cc-400c-8581-10e8c0a80164', 4, 0),
	(31, '4feb96ce-7a40-404d-b131-10e8c0a80164', 1, 0),
	(32, '4feb96ce-7a40-404d-b131-10e8c0a80164', 2, 0),
	(33, '4feb96ce-7a40-404d-b131-10e8c0a80164', 3, 0),
	(34, '4feb96ce-7a40-404d-b131-10e8c0a80164', 4, 0),
	(35, '50002c22-d4cc-4586-a7d6-08607be0049b', 1, 0),
	(36, '503116c9-3540-4125-834a-7cfe5dbd255d', 1, 1),
	(37, '503116c9-3540-4125-834a-7cfe5dbd255d', 2, 0),
	(38, '503116c9-3540-4125-834a-7cfe5dbd255d', 3, 0),
	(39, '503116c9-3540-4125-834a-7cfe5dbd255d', 4, 0),
	(40, '503116c9-3540-4125-834a-7cfe5dbd255d', 6, 0),
	(41, '50311782-3670-47c9-9ce5-7f365dbd255d', 1, 0),
	(42, '50311782-3670-47c9-9ce5-7f365dbd255d', 2, 0),
	(43, '50311782-3670-47c9-9ce5-7f365dbd255d', 3, 1),
	(44, '50311782-3670-47c9-9ce5-7f365dbd255d', 4, 0),
	(45, '50311782-3670-47c9-9ce5-7f365dbd255d', 6, 1),
	(46, '503117f9-a994-4c44-a55d-7cfd5dbd255d', 1, 1),
	(47, '503117f9-a994-4c44-a55d-7cfd5dbd255d', 2, 0),
	(48, '503117f9-a994-4c44-a55d-7cfd5dbd255d', 4, 0),
	(49, '50311853-16f0-4286-91ce-7f1f5dbd255d', 1, 0),
	(50, '50311853-16f0-4286-91ce-7f1f5dbd255d', 2, 0),
	(51, '50311853-16f0-4286-91ce-7f1f5dbd255d', 3, 1),
	(52, '50311853-16f0-4286-91ce-7f1f5dbd255d', 4, 0),
	(53, '50311853-16f0-4286-91ce-7f1f5dbd255d', 6, 1),
	(54, '503118e6-2db0-4092-b2b0-7f1f5dbd255d', 1, 0),
	(55, '503118e6-2db0-4092-b2b0-7f1f5dbd255d', 2, 0),
	(56, '503118e6-2db0-4092-b2b0-7f1f5dbd255d', 3, 0),
	(57, '503118e6-2db0-4092-b2b0-7f1f5dbd255d', 4, 0),
	(58, '503118e6-2db0-4092-b2b0-7f1f5dbd255d', 6, 0),
	(59, '5031194a-a1a0-44cc-97d7-7f365dbd255d', 1, 1),
	(60, '5031194a-a1a0-44cc-97d7-7f365dbd255d', 2, 0),
	(61, '5031194a-a1a0-44cc-97d7-7f365dbd255d', 3, 1),
	(62, '5031194a-a1a0-44cc-97d7-7f365dbd255d', 4, 0),
	(63, '5031194a-a1a0-44cc-97d7-7f365dbd255d', 6, 1),
	(64, '5031199f-2c68-4138-8e56-7fda5dbd255d', 1, 0),
	(65, '5031199f-2c68-4138-8e56-7fda5dbd255d', 2, 0),
	(66, '5031199f-2c68-4138-8e56-7fda5dbd255d', 3, 1),
	(67, '5031199f-2c68-4138-8e56-7fda5dbd255d', 6, 0),
	(68, '50311a13-359c-48ec-99f8-74375dbd255d', 1, 0),
	(69, '50311a13-359c-48ec-99f8-74375dbd255d', 2, 0),
	(70, '50311a13-359c-48ec-99f8-74375dbd255d', 3, 1),
	(71, '50311a13-359c-48ec-99f8-74375dbd255d', 4, 1),
	(72, '50311a13-359c-48ec-99f8-74375dbd255d', 6, 0),
	(73, '50311b99-bc08-471b-9737-7fc05dbd255d', 1, 1),
	(74, '50311b99-bc08-471b-9737-7fc05dbd255d', 3, 0),
	(75, '50311b99-bc08-471b-9737-7fc05dbd255d', 4, 1),
	(76, '50311b99-bc08-471b-9737-7fc05dbd255d', 6, 0),
	(77, '50311c12-f994-4606-9d1d-74375dbd255d', 1, 1),
	(78, '50311c12-f994-4606-9d1d-74375dbd255d', 2, 0),
	(79, '50311c12-f994-4606-9d1d-74375dbd255d', 3, 0),
	(80, '50311c12-f994-4606-9d1d-74375dbd255d', 4, 1),
	(81, '50311c12-f994-4606-9d1d-74375dbd255d', 6, 1),
	(82, '50311ced-4b30-4274-a899-7fc05dbd255d', 1, 1),
	(83, '50311ced-4b30-4274-a899-7fc05dbd255d', 2, 0),
	(84, '50311ced-4b30-4274-a899-7fc05dbd255d', 3, 1),
	(85, '50311ced-4b30-4274-a899-7fc05dbd255d', 4, 1),
	(86, '50311ced-4b30-4274-a899-7fc05dbd255d', 6, 1),
	(87, '503253db-a0e0-4141-a738-2b0e5dbd255d', 1, 0),
	(88, '503253db-a0e0-4141-a738-2b0e5dbd255d', 2, 1),
	(89, '503253db-a0e0-4141-a738-2b0e5dbd255d', 4, 0),
	(90, '503253db-a0e0-4141-a738-2b0e5dbd255d', 6, 0),
	(91, '5032545c-1b94-4bc7-b9da-47f75dbd255d', 1, 1),
	(92, '5032545c-1b94-4bc7-b9da-47f75dbd255d', 2, 0),
	(93, '5032545c-1b94-4bc7-b9da-47f75dbd255d', 6, 1),
	(94, '503254bf-8d0c-4c49-ae23-482d5dbd255d', 1, 1),
	(95, '503254bf-8d0c-4c49-ae23-482d5dbd255d', 2, 0),
	(96, '503254bf-8d0c-4c49-ae23-482d5dbd255d', 3, 1),
	(97, '503254bf-8d0c-4c49-ae23-482d5dbd255d', 4, 0),
	(98, '503254bf-8d0c-4c49-ae23-482d5dbd255d', 6, 0),
	(99, '50325669-b664-4584-afec-428f5dbd255d', 1, 0),
	(100, '50325669-b664-4584-afec-428f5dbd255d', 2, 0),
	(101, '50325669-b664-4584-afec-428f5dbd255d', 3, 0),
	(102, '50325669-b664-4584-afec-428f5dbd255d', 4, 0),
	(103, '50325669-b664-4584-afec-428f5dbd255d', 6, 0),
	(104, '5036a6ca-471c-45a3-ba8a-39f75dbd255d', 1, 1),
	(105, '5036a6ca-471c-45a3-ba8a-39f75dbd255d', 2, 0),
	(106, '5036a6ca-471c-45a3-ba8a-39f75dbd255d', 3, 1),
	(107, '5036a6ca-471c-45a3-ba8a-39f75dbd255d', 4, 1),
	(108, '5036a6ca-471c-45a3-ba8a-39f75dbd255d', 6, 0),
	(109, '5036a9a1-5c58-4643-9465-3bb35dbd255d', 1, 1),
	(110, '5036a9a1-5c58-4643-9465-3bb35dbd255d', 2, 0),
	(111, '5036a9a1-5c58-4643-9465-3bb35dbd255d', 3, 0),
	(112, '5036a9a1-5c58-4643-9465-3bb35dbd255d', 4, 0),
	(113, '5036a9a1-5c58-4643-9465-3bb35dbd255d', 6, 1),
	(114, '5036aa3a-aa18-4774-857a-3b845dbd255d', 1, 1),
	(115, '5036aa3a-aa18-4774-857a-3b845dbd255d', 2, 0),
	(116, '5036aa3a-aa18-4774-857a-3b845dbd255d', 3, 0),
	(117, '5036aa3a-aa18-4774-857a-3b845dbd255d', 4, 0),
	(118, '5036aa3a-aa18-4774-857a-3b845dbd255d', 6, 1),
	(119, '5036ab61-8b0c-437b-944f-3bec5dbd255d', 1, 1),
	(120, '5036ab61-8b0c-437b-944f-3bec5dbd255d', 2, 0),
	(121, '5036ab61-8b0c-437b-944f-3bec5dbd255d', 3, 1),
	(122, '5036ab61-8b0c-437b-944f-3bec5dbd255d', 4, 1),
	(123, '5036ab61-8b0c-437b-944f-3bec5dbd255d', 6, 0),
	(124, '5036abc6-f424-49db-942b-3cb45dbd255d', 1, 1),
	(125, '5036abc6-f424-49db-942b-3cb45dbd255d', 2, 1),
	(126, '5036abc6-f424-49db-942b-3cb45dbd255d', 3, 1),
	(127, '5036abc6-f424-49db-942b-3cb45dbd255d', 4, 1),
	(128, '5036abc6-f424-49db-942b-3cb45dbd255d', 6, 0),
	(129, '5036ac0c-73d0-4d07-a004-3d045dbd255d', 1, 1),
	(130, '5036ac0c-73d0-4d07-a004-3d045dbd255d', 2, 1),
	(131, '5036ac0c-73d0-4d07-a004-3d045dbd255d', 3, 1),
	(132, '5036ac0c-73d0-4d07-a004-3d045dbd255d', 4, 1),
	(133, '5036ac0c-73d0-4d07-a004-3d045dbd255d', 6, 0),
	(134, '50395dc4-c6d0-4ad5-8d86-41ae5dbd255d', 1, 1),
	(135, '50395dc4-c6d0-4ad5-8d86-41ae5dbd255d', 2, 1),
	(136, '50395dc4-c6d0-4ad5-8d86-41ae5dbd255d', 3, 1),
	(137, '50395dc4-c6d0-4ad5-8d86-41ae5dbd255d', 4, 0),
	(138, '50395dc4-c6d0-4ad5-8d86-41ae5dbd255d', 6, 0),
	(139, '50395ef4-de54-4651-9984-41e85dbd255d', 1, 0),
	(140, '50395ef4-de54-4651-9984-41e85dbd255d', 2, 0),
	(141, '50395ef4-de54-4651-9984-41e85dbd255d', 3, 1),
	(142, '50395ef4-de54-4651-9984-41e85dbd255d', 4, 1),
	(143, '50395ef4-de54-4651-9984-41e85dbd255d', 6, 0),
	(144, '50395fcf-df84-4b5a-a515-42b35dbd255d', 1, 1),
	(145, '50395fcf-df84-4b5a-a515-42b35dbd255d', 2, 0),
	(146, '50395fcf-df84-4b5a-a515-42b35dbd255d', 3, 1),
	(147, '50395fcf-df84-4b5a-a515-42b35dbd255d', 4, 0),
	(148, '50395fcf-df84-4b5a-a515-42b35dbd255d', 6, 1),
	(149, '5039606c-9f90-4d7f-bf85-432f5dbd255d', 1, 0),
	(150, '5039606c-9f90-4d7f-bf85-432f5dbd255d', 3, 1),
	(151, '5039606c-9f90-4d7f-bf85-432f5dbd255d', 4, 0),
	(152, '5039606c-9f90-4d7f-bf85-432f5dbd255d', 6, 1),
	(153, '50396190-d844-44fc-9ff0-43305dbd255d', 1, 0),
	(154, '50396190-d844-44fc-9ff0-43305dbd255d', 3, 1),
	(155, '50396190-d844-44fc-9ff0-43305dbd255d', 4, 0),
	(156, '50396190-d844-44fc-9ff0-43305dbd255d', 6, 0),
	(157, '50396248-9114-4cb0-b8a6-43e75dbd255d', 1, 1),
	(158, '50396248-9114-4cb0-b8a6-43e75dbd255d', 2, 1),
	(159, '50396248-9114-4cb0-b8a6-43e75dbd255d', 3, 1),
	(160, '50396248-9114-4cb0-b8a6-43e75dbd255d', 4, 1),
	(161, '50396248-9114-4cb0-b8a6-43e75dbd255d', 6, 1),
	(162, '5039632e-e46c-48d8-ac55-443a5dbd255d', 1, 1),
	(163, '5039632e-e46c-48d8-ac55-443a5dbd255d', 3, 1),
	(164, '5039632e-e46c-48d8-ac55-443a5dbd255d', 6, 1),
	(165, '50396392-0510-4339-b25e-44585dbd255d', 1, 1),
	(166, '50396392-0510-4339-b25e-44585dbd255d', 2, 1),
	(167, '50396392-0510-4339-b25e-44585dbd255d', 3, 1),
	(168, '50396392-0510-4339-b25e-44585dbd255d', 4, 1),
	(169, '50396392-0510-4339-b25e-44585dbd255d', 6, 0),
	(170, '50396422-0258-4417-bd87-44ba5dbd255d', 1, 1),
	(171, '50396422-0258-4417-bd87-44ba5dbd255d', 2, 1),
	(172, '50396422-0258-4417-bd87-44ba5dbd255d', 3, 0),
	(173, '50396422-0258-4417-bd87-44ba5dbd255d', 4, 0),
	(174, '50396422-0258-4417-bd87-44ba5dbd255d', 6, 0),
	(175, '503ab937-cf58-447f-b181-36f45dbd255d', 1, 0),
	(176, '503ab937-cf58-447f-b181-36f45dbd255d', 2, 0),
	(177, '503ab937-cf58-447f-b181-36f45dbd255d', 3, 0),
	(178, '503ab937-cf58-447f-b181-36f45dbd255d', 6, 0),
	(179, '503ab9a8-1bc4-4602-84ac-37a05dbd255d', 1, 1),
	(180, '503ab9a8-1bc4-4602-84ac-37a05dbd255d', 2, 0),
	(181, '503ab9a8-1bc4-4602-84ac-37a05dbd255d', 3, 0),
	(182, '503ab9a8-1bc4-4602-84ac-37a05dbd255d', 4, 0),
	(183, '503ab9a8-1bc4-4602-84ac-37a05dbd255d', 6, 1),
	(184, '503ab9f5-0298-4a80-8325-37745dbd255d', 1, 1),
	(185, '503ab9f5-0298-4a80-8325-37745dbd255d', 2, 0),
	(186, '503ab9f5-0298-4a80-8325-37745dbd255d', 3, 0),
	(187, '503ab9f5-0298-4a80-8325-37745dbd255d', 4, 0),
	(188, '503ab9f5-0298-4a80-8325-37745dbd255d', 6, 0),
	(189, '50418cff-4204-420c-a6b4-1c165dbd255d', 1, 1),
	(190, '50418cff-4204-420c-a6b4-1c165dbd255d', 2, 1),
	(191, '50418cff-4204-420c-a6b4-1c165dbd255d', 3, 0),
	(192, '50418cff-4204-420c-a6b4-1c165dbd255d', 4, 0),
	(193, '50418cff-4204-420c-a6b4-1c165dbd255d', 6, 1),
	(194, '50418db5-6b9c-4411-b1e8-1c3d5dbd255d', 1, 0),
	(195, '50418db5-6b9c-4411-b1e8-1c3d5dbd255d', 2, 0),
	(196, '50418db5-6b9c-4411-b1e8-1c3d5dbd255d', 3, 0),
	(197, '50418db5-6b9c-4411-b1e8-1c3d5dbd255d', 4, 0),
	(198, '50418db5-6b9c-4411-b1e8-1c3d5dbd255d', 6, 1),
	(199, '50418e46-3110-46af-8a0a-1c0c5dbd255d', 1, 0),
	(200, '50418e46-3110-46af-8a0a-1c0c5dbd255d', 2, 0),
	(201, '50418e46-3110-46af-8a0a-1c0c5dbd255d', 3, 1),
	(202, '50418e46-3110-46af-8a0a-1c0c5dbd255d', 4, 0),
	(203, '50418e46-3110-46af-8a0a-1c0c5dbd255d', 6, 0),
	(204, '50444577-b5f8-4a07-b1a6-2e2d5dbd255d', 1, 1),
	(205, '50444577-b5f8-4a07-b1a6-2e2d5dbd255d', 2, 0),
	(206, '506ce132-7238-4fc4-b524-23185dbd255d', 1, 0),
	(207, '506ce132-7238-4fc4-b524-23185dbd255d', 2, 1),
	(208, '506ce132-7238-4fc4-b524-23185dbd255d', 3, 0),
	(209, '506ce132-7238-4fc4-b524-23185dbd255d', 4, 1),
	(210, '506d102b-7908-4e98-9401-41185dbd255d', 1, 1),
	(211, '506d102b-7908-4e98-9401-41185dbd255d', 2, 0),
	(212, '506d102b-7908-4e98-9401-41185dbd255d', 3, 1),
	(213, '506d1128-a15c-4966-a2ec-41185dbd255d', 1, 1),
	(214, '506d1128-a15c-4966-a2ec-41185dbd255d', 2, 0),
	(215, '506d1128-a15c-4966-a2ec-41185dbd255d', 3, 0),
	(216, '506d1133-9e84-4c82-92ae-41185dbd255d', 1, 0),
	(217, '506d1133-9e84-4c82-92ae-41185dbd255d', 2, 0),
	(218, '506d1133-9e84-4c82-92ae-41185dbd255d', 3, 0),
	(219, '506d1133-9e84-4c82-92ae-41185dbd255d', 4, 0),
	(220, '506d122d-cae8-480b-b883-42845dbd255d', 1, 1),
	(221, '506d122d-cae8-480b-b883-42845dbd255d', 2, 1),
	(222, '506d122d-cae8-480b-b883-42845dbd255d', 3, 1),
	(223, '506d12d9-92ec-479d-8287-42b15dbd255d', 1, 0),
	(224, '506d12d9-92ec-479d-8287-42b15dbd255d', 2, 0),
	(225, '506d12d9-92ec-479d-8287-42b15dbd255d', 3, 1),
	(226, '506d12d9-92ec-479d-8287-42b15dbd255d', 4, 1),
	(227, '506d1433-2724-4c61-9b2c-428b5dbd255d', 1, 1),
	(228, '506d1433-2724-4c61-9b2c-428b5dbd255d', 2, 0),
	(229, '506d1433-2724-4c61-9b2c-428b5dbd255d', 3, 0),
	(230, '506d1433-2724-4c61-9b2c-428b5dbd255d', 4, 0),
	(231, '506d14a9-72e4-4c3e-bb9a-44185dbd255d', 1, 1),
	(232, '506d14a9-72e4-4c3e-bb9a-44185dbd255d', 2, 1),
	(233, '506d14a9-72e4-4c3e-bb9a-44185dbd255d', 3, 0),
	(234, '506d152c-8fe4-4d7e-99c8-43f15dbd255d', 1, 1),
	(235, '506d152c-8fe4-4d7e-99c8-43f15dbd255d', 2, 0),
	(236, '506d152c-8fe4-4d7e-99c8-43f15dbd255d', 3, 0),
	(237, '506d15d9-30c8-422a-a928-428b5dbd255d', 1, 0),
	(238, '506d15d9-30c8-422a-a928-428b5dbd255d', 2, 0),
	(239, '506d1669-a098-4f64-b20b-45305dbd255d', 1, 1),
	(240, '506d1669-a098-4f64-b20b-45305dbd255d', 2, 1),
	(241, '506d1669-a098-4f64-b20b-45305dbd255d', 3, 0),
	(242, '506d16e3-2014-4901-826b-428b5dbd255d', 1, 1),
	(243, '506e5f59-90f0-4abb-949a-25f25dbd255d', 1, 0),
	(244, '506e5f59-90f0-4abb-949a-25f25dbd255d', 2, 0),
	(245, '506e5f59-90f0-4abb-949a-25f25dbd255d', 3, 1),
	(246, '506e60c4-1c8c-4273-a0f8-25ed5dbd255d', 1, 1),
	(247, '506e60c4-1c8c-4273-a0f8-25ed5dbd255d', 2, 0),
	(248, '506e615f-74e0-4ae6-9dd8-25ca5dbd255d', 1, 1),
	(249, '506e615f-74e0-4ae6-9dd8-25ca5dbd255d', 2, 0),
	(250, '506e615f-74e0-4ae6-9dd8-25ca5dbd255d', 3, 1),
	(251, '506e61e0-ab88-41c4-b5d3-25f25dbd255d', 1, 1),
	(252, '506e61e0-ab88-41c4-b5d3-25f25dbd255d', 2, 0),
	(253, '506e6252-7af4-47b5-93b6-268b5dbd255d', 1, 1),
	(254, '506e6252-7af4-47b5-93b6-268b5dbd255d', 2, 1),
	(255, '506e6252-7af4-47b5-93b6-268b5dbd255d', 3, 0),
	(256, '506e62ba-9f38-473f-ba11-25f15dbd255d', 1, 1),
	(257, '506e62ba-9f38-473f-ba11-25f15dbd255d', 2, 1),
	(258, '506e62ba-9f38-473f-ba11-25f15dbd255d', 3, 1),
	(259, '506e62ba-9f38-473f-ba11-25f15dbd255d', 4, 1),
	(260, '506e6313-4b48-4de1-8950-25ca5dbd255d', 1, 1),
	(261, '506e6313-4b48-4de1-8950-25ca5dbd255d', 2, 0),
	(262, '506e6387-c128-4b92-8d0f-25f15dbd255d', 1, 1),
	(263, '506e6387-c128-4b92-8d0f-25f15dbd255d', 2, 0),
	(264, '506e63f7-a1e8-4047-b82c-27225dbd255d', 1, 1),
	(265, '506e63f7-a1e8-4047-b82c-27225dbd255d', 2, 0),
	(266, '506e63f7-a1e8-4047-b82c-27225dbd255d', 3, 0),
	(267, '506f02b8-4ca4-4b17-8259-417d5dbd255d', 1, 1),
	(268, '506f02b8-4ca4-4b17-8259-417d5dbd255d', 2, 0),
	(269, '506f02b8-4ca4-4b17-8259-417d5dbd255d', 3, 0),
	(270, '506f02b8-4ca4-4b17-8259-417d5dbd255d', 4, 0),
	(271, '506f0465-6d18-4bc7-82d0-417d5dbd255d', 1, 0),
	(272, '506f0465-6d18-4bc7-82d0-417d5dbd255d', 2, 0),
	(273, '506f0465-6d18-4bc7-82d0-417d5dbd255d', 3, 0),
	(274, '506f0465-6d18-4bc7-82d0-417d5dbd255d', 4, 0),
	(275, '506f054e-be40-4b0b-bde8-43b15dbd255d', 1, 1),
	(276, '506f054e-be40-4b0b-bde8-43b15dbd255d', 2, 1),
	(277, '506f054e-be40-4b0b-bde8-43b15dbd255d', 3, 0),
	(278, '506f054e-be40-4b0b-bde8-43b15dbd255d', 4, 0),
	(279, '506f05f1-b6a0-4e82-8ff1-43185dbd255d', 1, 1),
	(280, '506f05f1-b6a0-4e82-8ff1-43185dbd255d', 2, 0),
	(281, '506f05f1-b6a0-4e82-8ff1-43185dbd255d', 4, 0),
	(282, '506f06db-7130-4443-974d-438e5dbd255d', 1, 1),
	(283, '506f06db-7130-4443-974d-438e5dbd255d', 2, 0),
	(284, '506f06db-7130-4443-974d-438e5dbd255d', 3, 1),
	(285, '506f06db-7130-4443-974d-438e5dbd255d', 4, 0),
	(286, '506f07a6-7c34-4804-98ad-43735dbd255d', 1, 1),
	(287, '506f07a6-7c34-4804-98ad-43735dbd255d', 2, 1),
	(288, '506f07a6-7c34-4804-98ad-43735dbd255d', 3, 0),
	(289, '506f07a6-7c34-4804-98ad-43735dbd255d', 4, 0),
	(290, '506f08e5-31a4-416b-aa2d-43735dbd255d', 1, 1),
	(291, '506f08e5-31a4-416b-aa2d-43735dbd255d', 2, 0),
	(292, '506f08e5-31a4-416b-aa2d-43735dbd255d', 4, 0),
	(293, '506f096d-6a40-448a-9d1a-44b75dbd255d', 1, 1),
	(294, '506f096d-6a40-448a-9d1a-44b75dbd255d', 2, 1),
	(295, '506f096d-6a40-448a-9d1a-44b75dbd255d', 3, 0),
	(296, '506f096d-6a40-448a-9d1a-44b75dbd255d', 4, 0),
	(297, '506f0b34-2d90-48f4-aa41-461f5dbd255d', 1, 1),
	(298, '506f0b34-2d90-48f4-aa41-461f5dbd255d', 2, 0),
	(299, '506f0b34-2d90-48f4-aa41-461f5dbd255d', 4, 1);
/*!40000 ALTER TABLE `answers` ENABLE KEYS */;


-- Dumping structure for table geocan.aros
DROP TABLE IF EXISTS `aros`;
CREATE TABLE IF NOT EXISTS `aros` (
  `id` int(10) unsigned NOT NULL auto_increment,
  `parent_id` int(10) default NULL,
  `model` varchar(255) default '',
  `foreign_key` int(10) unsigned default NULL,
  `alias` varchar(255) default '',
  `lft` int(10) default NULL,
  `rght` int(10) default NULL,
  PRIMARY KEY  (`id`)
) ENGINE=InnoDB AUTO_INCREMENT=18 DEFAULT CHARSET=utf8;

-- Dumping data for table geocan.aros: ~14 rows (approximately)
DELETE FROM `aros`;
/*!40000 ALTER TABLE `aros` DISABLE KEYS */;
INSERT INTO `aros` (`id`, `parent_id`, `model`, `foreign_key`, `alias`, `lft`, `rght`) VALUES
	(1, NULL, 'Group', 1, '', 1, 4),
	(2, NULL, 'Group', 2, '', 5, 18),
	(3, 1, 'User', 1, '', 2, 3),
	(4, NULL, 'Group', 3, '', 19, 28),
	(8, 2, 'User', 5, '', 12, 13),
	(9, 4, 'User', 6, '', 20, 21),
	(10, 2, 'User', 7, '', 16, 17),
	(11, 4, 'User', 8, '', 22, 23),
	(12, 4, 'User', 9, '', 24, 25),
	(13, 2, 'User', 10, '', 6, 7),
	(14, 2, 'User', 11, '', 8, 9),
	(15, 2, 'User', 5, '', 10, 11),
	(16, 4, 'User', 6, '', 26, 27),
	(17, 2, 'User', 7, '', 14, 15);
/*!40000 ALTER TABLE `aros` ENABLE KEYS */;


-- Dumping structure for table geocan.aros_acos
DROP TABLE IF EXISTS `aros_acos`;
CREATE TABLE IF NOT EXISTS `aros_acos` (
  `id` int(10) unsigned NOT NULL auto_increment,
  `aro_id` int(10) unsigned NOT NULL,
  `aco_id` int(10) unsigned NOT NULL,
  `_create` char(2) NOT NULL default '0',
  `_read` char(2) NOT NULL default '0',
  `_update` char(2) NOT NULL default '0',
  `_delete` char(2) NOT NULL default '0',
  PRIMARY KEY  (`id`)
) ENGINE=InnoDB AUTO_INCREMENT=112 DEFAULT CHARSET=utf8;

-- Dumping data for table geocan.aros_acos: ~111 rows (approximately)
DELETE FROM `aros_acos`;
/*!40000 ALTER TABLE `aros_acos` DISABLE KEYS */;
INSERT INTO `aros_acos` (`id`, `aro_id`, `aco_id`, `_create`, `_read`, `_update`, `_delete`) VALUES
	(1, 3, 1, '1', '1', '1', '1'),
	(2, 1, 1, '1', '1', '1', '1'),
	(3, 2, 1, '-1', '-1', '-1', '-1'),
	(4, 2, 71, '1', '1', '1', '1'),
	(5, 2, 72, '1', '1', '1', '1'),
	(6, 2, 70, '1', '1', '1', '1'),
	(7, 2, 5, '1', '1', '1', '1'),
	(8, 2, 6, '1', '1', '1', '1'),
	(9, 2, 47, '1', '1', '1', '1'),
	(10, 2, 48, '1', '1', '1', '1'),
	(11, 2, 61, '1', '1', '1', '1'),
	(12, 2, 62, '1', '1', '1', '1'),
	(13, 2, 12, '1', '1', '1', '1'),
	(14, 2, 13, '1', '1', '1', '1'),
	(15, 4, 1, '-1', '-1', '-1', '-1'),
	(16, 2, 106, '1', '1', '1', '1'),
	(17, 2, 108, '1', '1', '1', '1'),
	(18, 2, 60, '1', '1', '1', '1'),
	(19, 2, 99, '1', '1', '1', '1'),
	(20, 2, 18, '1', '1', '1', '1'),
	(21, 2, 77, '1', '1', '1', '1'),
	(22, 2, 101, '1', '1', '1', '1'),
	(23, 2, 105, '1', '1', '1', '1'),
	(24, 2, 102, '1', '1', '1', '1'),
	(25, 2, 109, '1', '1', '1', '1'),
	(26, 2, 95, '1', '1', '1', '1'),
	(27, 2, 96, '1', '1', '1', '1'),
	(28, 4, 95, '1', '1', '1', '1'),
	(29, 4, 96, '1', '1', '1', '1'),
	(30, 4, 25, '1', '1', '1', '1'),
	(31, 4, 71, '1', '1', '1', '1'),
	(32, 4, 72, '1', '1', '1', '1'),
	(33, 4, 70, '1', '1', '1', '1'),
	(34, 4, 106, '1', '1', '1', '1'),
	(35, 4, 109, '1', '1', '1', '1'),
	(36, 4, 108, '1', '1', '1', '1'),
	(37, 4, 61, '1', '1', '1', '1'),
	(38, 4, 62, '1', '1', '1', '1'),
	(39, 4, 60, '1', '1', '1', '1'),
	(40, 4, 101, '1', '1', '1', '1'),
	(41, 4, 105, '1', '1', '1', '1'),
	(42, 4, 102, '1', '1', '1', '1'),
	(43, 4, 53, '1', '1', '1', '1'),
	(44, 4, 5, '1', '1', '1', '1'),
	(45, 4, 4, '1', '1', '1', '1'),
	(46, 4, 6, '1', '1', '1', '1'),
	(47, 4, 7, '1', '1', '1', '1'),
	(48, 4, 47, '1', '1', '1', '1'),
	(49, 4, 48, '1', '1', '1', '1'),
	(50, 4, 49, '1', '1', '1', '1'),
	(51, 4, 46, '1', '1', '1', '1'),
	(52, 4, 12, '1', '1', '1', '1'),
	(53, 4, 13, '1', '1', '1', '1'),
	(54, 4, 11, '1', '1', '1', '1'),
	(55, 4, 99, '1', '1', '1', '1'),
	(56, 4, 19, '1', '1', '1', '1'),
	(57, 4, 18, '1', '1', '1', '1'),
	(58, 4, 20, '1', '1', '1', '1'),
	(59, 4, 77, '1', '1', '1', '1'),
	(60, 2, 110, '1', '1', '1', '1'),
	(61, 2, 91, '1', '1', '1', '1'),
	(62, 2, 25, '1', '1', '1', '1'),
	(63, 2, 112, '1', '1', '1', '1'),
	(64, 2, 4, '1', '1', '1', '1'),
	(65, 2, 49, '1', '1', '1', '1'),
	(66, 2, 46, '1', '1', '1', '1'),
	(67, 2, 39, '1', '1', '1', '1'),
	(68, 2, 84, '1', '1', '1', '1'),
	(69, 2, 11, '1', '1', '1', '1'),
	(70, 2, 63, '1', '1', '1', '1'),
	(71, 2, 53, '1', '1', '1', '1'),
	(72, 4, 110, '1', '1', '1', '1'),
	(73, 4, 91, '1', '1', '1', '1'),
	(74, 4, 63, '1', '1', '1', '1'),
	(75, 4, 112, '1', '1', '1', '1'),
	(76, 4, 85, '1', '1', '1', '1'),
	(77, 4, 86, '1', '1', '1', '1'),
	(78, 4, 84, '1', '1', '1', '1'),
	(79, 4, 14, '1', '1', '1', '1'),
	(80, 4, 21, '1', '1', '1', '1'),
	(81, 4, 39, '1', '1', '1', '1'),
	(82, 2, 90, '1', '1', '1', '1'),
	(83, 4, 90, '1', '1', '1', '1'),
	(84, 2, 24, '1', '1', '1', '1'),
	(85, 2, 32, '1', '1', '1', '1'),
	(86, 4, 24, '1', '1', '1', '1'),
	(87, 4, 32, '1', '1', '1', '1'),
	(88, 2, 31, '1', '1', '1', '1'),
	(89, 4, 31, '1', '1', '1', '1'),
	(90, 2, 114, '1', '1', '1', '1'),
	(91, 4, 114, '1', '1', '1', '1'),
	(92, 1, 26, '-1', '-1', '-1', '-1'),
	(93, 1, 27, '-1', '-1', '-1', '-1'),
	(94, 1, 28, '-1', '-1', '-1', '-1'),
	(95, 2, 83, '1', '1', '1', '1'),
	(96, 2, 19, '1', '1', '1', '1'),
	(97, 2, 76, '-1', '-1', '-1', '-1'),
	(98, 2, 127, '1', '1', '1', '1'),
	(99, 2, 126, '1', '1', '1', '1'),
	(100, 2, 129, '1', '1', '1', '1'),
	(101, 2, 128, '-1', '-1', '-1', '-1'),
	(102, 4, 26, '-1', '-1', '-1', '-1'),
	(103, 4, 27, '-1', '-1', '-1', '-1'),
	(104, 4, 28, '-1', '-1', '-1', '-1'),
	(105, 4, 76, '-1', '-1', '-1', '-1'),
	(106, 4, 127, '1', '1', '1', '1'),
	(107, 4, 126, '1', '1', '1', '1'),
	(108, 4, 129, '1', '1', '1', '1'),
	(109, 4, 128, '-1', '-1', '-1', '-1'),
	(110, 2, 125, '1', '1', '1', '1'),
	(111, 4, 125, '1', '1', '1', '1');
/*!40000 ALTER TABLE `aros_acos` ENABLE KEYS */;


-- Dumping structure for table geocan.audits
DROP TABLE IF EXISTS `audits`;
CREATE TABLE IF NOT EXISTS `audits` (
  `id` varchar(36) NOT NULL,
  `event` varchar(255) NOT NULL,
  `model` varchar(255) NOT NULL,
  `entity_id` varchar(36) NOT NULL,
  `json_object` text NOT NULL,
  `description` text,
  `source_id` varchar(255) default NULL,
  `created` datetime NOT NULL,
  PRIMARY KEY  (`id`)
) ENGINE=InnoDB DEFAULT CHARSET=utf8;

-- Dumping data for table geocan.audits: ~614 rows (approximately)
DELETE FROM `audits`;
/*!40000 ALTER TABLE `audits` DISABLE KEYS */;
INSERT INTO `audits` (`id`, `event`, `model`, `entity_id`, `json_object`, `description`, `source_id`, `created`) VALUES
	('502baa15-f770-463b-bc3b-12c87be0049b', 'CREATE', 'Group', '1', '{"Group":{"id":"1","name":"Administradores","created":"2012-08-15 10:54:29","modified":"2012-08-15 10:54:29"}}', NULL, NULL, '2012-08-15 10:54:29'),
	('502baa1e-b558-459d-8a0f-12c87be0049b', 'CREATE', 'Group', '2', '{"Group":{"id":"2","name":"M\\u00e9dicos","created":"2012-08-15 10:54:38","modified":"2012-08-15 10:54:38"}}', NULL, NULL, '2012-08-15 10:54:38'),
	('502baa24-1f68-43fb-9b4f-12c87be0049b', 'CREATE', 'Group', '3', '{"Group":{"id":"3","name":"Ayudantes","created":"2012-08-15 10:54:44","modified":"2012-08-15 10:54:44"}}', NULL, NULL, '2012-08-15 10:54:44'),
	('502baa39-6b64-4096-bfa3-12c87be0049b', 'CREATE', 'User', '1', '{"User":{"id":"1","username":"admin","password":"1500c2908e71d66b19bfce3a1b4e042d4c860649","group_id":"1","created":"2012-08-15 10:55:05","modified":"2012-08-15 10:55:05","medic_id":null}}', NULL, NULL, '2012-08-15 10:55:05'),
	('502baa46-bf5c-4acc-9190-12c87be0049b', 'CREATE', 'User', '2', '{"User":{"id":"2","username":"ayudante","password":"1500c2908e71d66b19bfce3a1b4e042d4c860649","group_id":"3","created":"2012-08-15 10:55:18","modified":"2012-08-15 10:55:18","medic_id":null}}', NULL, NULL, '2012-08-15 10:55:18'),
	('502baa52-c430-452e-a8fd-12c87be0049b', 'CREATE', 'User', '3', '{"User":{"id":"3","username":"medico1","password":"1500c2908e71d66b19bfce3a1b4e042d4c860649","group_id":"2","created":"2012-08-15 10:55:30","modified":"2012-08-15 10:55:30","medic_id":"1"}}', NULL, NULL, '2012-08-15 10:55:30'),
	('502baa6f-e7ec-41b7-aaf6-12c87be0049b', 'CREATE', 'User', '4', '{"User":{"id":"4","username":"medico2","password":"1500c2908e71d66b19bfce3a1b4e042d4c860649","group_id":"2","created":"2012-08-15 10:55:59","modified":"2012-08-15 10:55:59","medic_id":"2"}}', NULL, NULL, '2012-08-15 10:55:59'),
	('502c4019-715c-4fcb-89d6-64475dbd255d', 'CREATE', 'Patient', '502c4019-7f6c-400a-9c04-64475dbd255d', '{"Patient":{"id":"502c4019-7f6c-400a-9c04-64475dbd255d","iniciales":"jh","fecha_nacimiento":"09\\/08\\/1996","sexo":"M","address_particular_id":"28","address_laboral_id":null,"nro_documento":"f9c1a42e2a3579eaaa8b1ccd81416d332fae38f53b2552bc6ee9af6898338862","created":"2012-08-15 21:34:33","modified":"2012-08-15 21:34:33","edad":"16"}}', NULL, '2', '2012-08-15 21:34:33'),
	('502c4019-8938-461a-a212-64475dbd255d', 'CREATE', 'Primary', '28', '{"Primary":{"id":"28","city_id":"1","latitud":"-38.7184177","longitud":"-62.2773787","direccion":"Viamonte 500"}}', NULL, '2', '2012-08-15 21:34:33'),
	('502c4101-2b50-40fa-8658-64475dbd255d', 'CREATE', 'Primary', '29', '{"Primary":{"id":"29","city_id":"1","latitud":"-38.7184177","longitud":"-62.2773787","direccion":"Viamonte 500"}}', NULL, '2', '2012-08-15 21:38:25'),
	('502c4101-ab10-423d-b7e5-64475dbd255d', 'CREATE', 'Patient', '502c4101-3078-4158-9148-64475dbd255d', '{"Patient":{"id":"502c4101-3078-4158-9148-64475dbd255d","iniciales":"\\u00f1l","fecha_nacimiento":"27\\/07\\/1998","sexo":"M","address_particular_id":"29","address_laboral_id":null,"nro_documento":"2c3cd4316d4085b677190add5da862a4dad010a1103cd3513fedd4c892fbde02","created":"2012-08-15 21:38:25","modified":"2012-08-15 21:38:25","edad":"14"}}', NULL, '2', '2012-08-15 21:38:25'),
	('502c4136-1ed4-43ae-8008-60125dbd255d', 'CREATE', 'OmsRegister', '23', '{"OmsRegister":{"id":"23","patient_id":"502c4101-3078-4158-9148-64475dbd255d","medic_id":"1","address_part_id":"29","address_lab_id":null,"oms_code_id":"78","estadio":"0","fecha":"15\\/08\\/2012"}}', NULL, '2', '2012-08-15 21:39:18'),
	('502c4363-aca4-4602-bb33-66e95dbd255d', 'CREATE', 'Question', '6', '{"Question":{"id":"6","descripcion":"Hace ejercicio","visible":true}}', NULL, '2', '2012-08-15 21:48:35'),
	('503116c9-01cc-4590-8a0b-7cfe5dbd255d', 'CREATE', 'Answer', '37', '{"Answer":{"id":"37","patient_id":"503116c9-3540-4125-834a-7cfe5dbd255d","question_id":"2","valor":false}}', NULL, '2', '2012-08-19 13:39:37'),
	('503116c9-1a80-45f5-8bdf-7cfe5dbd255d', 'CREATE', 'Answer', '36', '{"Answer":{"id":"36","patient_id":"503116c9-3540-4125-834a-7cfe5dbd255d","question_id":"1","valor":true}}', NULL, '2', '2012-08-19 13:39:37'),
	('503116c9-46c0-4b02-8d07-7cfe5dbd255d', 'CREATE', 'Secondary', '31', '{"Secondary":{"id":"31","city_id":"1","latitud":"-38.7206898","longitud":"-62.239165","direccion":"Av Lainez 900"}}', NULL, '2', '2012-08-19 13:39:37'),
	('503116c9-4988-4412-9105-7cfe5dbd255d', 'CREATE', 'Answer', '40', '{"Answer":{"id":"40","patient_id":"503116c9-3540-4125-834a-7cfe5dbd255d","question_id":"6","valor":false}}', NULL, '2', '2012-08-19 13:39:37'),
	('503116c9-8f28-4204-a848-7cfe5dbd255d', 'CREATE', 'Answer', '39', '{"Answer":{"id":"39","patient_id":"503116c9-3540-4125-834a-7cfe5dbd255d","question_id":"4","valor":false}}', NULL, '2', '2012-08-19 13:39:37'),
	('503116c9-9a70-4729-8cbb-7cfe5dbd255d', 'CREATE', 'Primary', '30', '{"Primary":{"id":"30","city_id":"1","latitud":"-38.7177","longitud":"-62.3086177","direccion":"Pampa Central 2000"}}', NULL, '2', '2012-08-19 13:39:37'),
	('503116c9-a06c-416d-99ae-7cfe5dbd255d', 'CREATE', 'Patient', '503116c9-3540-4125-834a-7cfe5dbd255d', '{"Patient":{"id":"503116c9-3540-4125-834a-7cfe5dbd255d","iniciales":"JJ","fecha_nacimiento":"07\\/03\\/2040","sexo":"M","address_particular_id":"30","address_laboral_id":"31","nro_documento":"b60d00ade53b95a7c2c2621c4217e102024384112f9dd228c2c3b5a94004a79e","created":"2012-08-19 13:39:37","modified":"2012-08-19 13:39:37","edad":"0"}}', NULL, '2', '2012-08-19 13:39:37'),
	('503116c9-e594-4a68-b392-7cfe5dbd255d', 'CREATE', 'Answer', '38', '{"Answer":{"id":"38","patient_id":"503116c9-3540-4125-834a-7cfe5dbd255d","question_id":"3","valor":false}}', NULL, '2', '2012-08-19 13:39:37'),
	('503116f3-09e8-4672-93ab-7cfd5dbd255d', 'CREATE', 'OmsRegister', '24', '{"OmsRegister":{"id":"24","patient_id":"503116c9-3540-4125-834a-7cfe5dbd255d","medic_id":"1","address_part_id":"30","address_lab_id":"31","oms_code_id":"115","estadio":"2","fecha":"19\\/08\\/2012"}}', NULL, '2', '2012-08-19 13:40:19'),
	('50311782-03ec-4c22-a9fa-7f365dbd255d', 'CREATE', 'Answer', '42', '{"Answer":{"id":"42","patient_id":"50311782-3670-47c9-9ce5-7f365dbd255d","question_id":"2","valor":false}}', NULL, '2', '2012-08-19 13:42:42'),
	('50311782-1728-4f0e-9a28-7f365dbd255d', 'CREATE', 'Answer', '41', '{"Answer":{"id":"41","patient_id":"50311782-3670-47c9-9ce5-7f365dbd255d","question_id":"1","valor":false}}', NULL, '2', '2012-08-19 13:42:42'),
	('50311782-1974-402d-b1c0-7f365dbd255d', 'CREATE', 'Secondary', '33', '{"Secondary":{"id":"33","city_id":"1","latitud":"-38.7152635","longitud":"-62.2587387","direccion":"Belgrano 500"}}', NULL, '2', '2012-08-19 13:42:42'),
	('50311782-2738-4a43-b911-7f365dbd255d', 'CREATE', 'Primary', '32', '{"Primary":{"id":"32","city_id":"1","latitud":"-38.7270884","longitud":"-62.2397201","direccion":"Newton 1700"}}', NULL, '2', '2012-08-19 13:42:42'),
	('50311782-88fc-41cc-b9c1-7f365dbd255d', 'CREATE', 'Answer', '45', '{"Answer":{"id":"45","patient_id":"50311782-3670-47c9-9ce5-7f365dbd255d","question_id":"6","valor":true}}', NULL, '2', '2012-08-19 13:42:42'),
	('50311782-b354-4d3f-a833-7f365dbd255d', 'CREATE', 'Patient', '50311782-3670-47c9-9ce5-7f365dbd255d', '{"Patient":{"id":"50311782-3670-47c9-9ce5-7f365dbd255d","iniciales":"KK","fecha_nacimiento":"25\\/03\\/1966","sexo":"F","address_particular_id":"32","address_laboral_id":"33","nro_documento":"c20a915b7f873fd014b68f0ad218d91acdf17f4ff61a6ade4732c613969d259f","created":"2012-08-19 13:42:42","modified":"2012-08-19 13:42:42","edad":"46"}}', NULL, '2', '2012-08-19 13:42:42'),
	('50311782-bb14-4e04-8e5d-7f365dbd255d', 'CREATE', 'Answer', '44', '{"Answer":{"id":"44","patient_id":"50311782-3670-47c9-9ce5-7f365dbd255d","question_id":"4","valor":false}}', NULL, '2', '2012-08-19 13:42:42'),
	('50311782-e624-4ed2-893b-7f365dbd255d', 'CREATE', 'Answer', '43', '{"Answer":{"id":"43","patient_id":"50311782-3670-47c9-9ce5-7f365dbd255d","question_id":"3","valor":true}}', NULL, '2', '2012-08-19 13:42:42'),
	('5031179b-a12c-4d4c-bf98-7f365dbd255d', 'CREATE', 'OmsRegister', '25', '{"OmsRegister":{"id":"25","patient_id":"50311782-3670-47c9-9ce5-7f365dbd255d","medic_id":"1","address_part_id":"32","address_lab_id":"33","oms_code_id":"103","estadio":"1","fecha":"19\\/08\\/2012"}}', NULL, '2', '2012-08-19 13:43:07'),
	('503117f9-1590-436a-b31e-7cfd5dbd255d', 'CREATE', 'Secondary', '35', '{"Secondary":{"id":"35","city_id":"1","latitud":"-38.6922679","longitud":"-62.2744635","direccion":"Alberti 1000"}}', NULL, '2', '2012-08-19 13:44:41'),
	('503117f9-4934-4b51-bd5f-7cfd5dbd255d', 'CREATE', 'Answer', '46', '{"Answer":{"id":"46","patient_id":"503117f9-a994-4c44-a55d-7cfd5dbd255d","question_id":"1","valor":true}}', NULL, '2', '2012-08-19 13:44:41'),
	('503117f9-67e8-4217-a752-7cfd5dbd255d', 'CREATE', 'Primary', '34', '{"Primary":{"id":"34","city_id":"1","latitud":"-38.7126424","longitud":"-62.2703173999999","direccion":"Zelarray\\u00e1n 500"}}', NULL, '2', '2012-08-19 13:44:41'),
	('503117f9-7ce4-4dcb-8b75-7cfd5dbd255d', 'CREATE', 'Patient', '503117f9-a994-4c44-a55d-7cfd5dbd255d', '{"Patient":{"id":"503117f9-a994-4c44-a55d-7cfd5dbd255d","iniciales":"RR","fecha_nacimiento":"17\\/02\\/1950","sexo":"M","address_particular_id":"34","address_laboral_id":"35","nro_documento":"aa9178ffb7055c86ddd9b42dd5c6e84ae2b0e9b17baed7ae6d6784d5eeeca00e","created":"2012-08-19 13:44:41","modified":"2012-08-19 13:44:41","edad":"62"}}', NULL, '2', '2012-08-19 13:44:41'),
	('503117f9-8358-485a-9fe3-7cfd5dbd255d', 'CREATE', 'Answer', '47', '{"Answer":{"id":"47","patient_id":"503117f9-a994-4c44-a55d-7cfd5dbd255d","question_id":"2","valor":false}}', NULL, '2', '2012-08-19 13:44:41'),
	('503117f9-eeb4-45a0-8192-7cfd5dbd255d', 'CREATE', 'Answer', '48', '{"Answer":{"id":"48","patient_id":"503117f9-a994-4c44-a55d-7cfd5dbd255d","question_id":"4","valor":false}}', NULL, '2', '2012-08-19 13:44:41'),
	('5031180b-912c-4600-8d83-7edc5dbd255d', 'CREATE', 'OmsRegister', '26', '{"OmsRegister":{"id":"26","patient_id":"503117f9-a994-4c44-a55d-7cfd5dbd255d","medic_id":"1","address_part_id":"34","address_lab_id":"35","oms_code_id":"38","estadio":"0","fecha":"19\\/08\\/2012"}}', NULL, '2', '2012-08-19 13:44:59'),
	('50311853-ce4c-4c9f-9822-7f1f5dbd255d', 'CREATE', 'Primary', '36', '{"Primary":{"id":"36","city_id":"1","latitud":"-38.7037118","longitud":"-62.254521","direccion":"La Falda 300"}}', NULL, '2', '2012-08-19 13:46:11'),
	('50311853-cefc-4556-a048-7f1f5dbd255d', 'CREATE', 'Secondary', '37', '{"Secondary":{"id":"37","city_id":"1","latitud":"-38.698623","longitud":"-62.2730852","direccion":"Aguado 1200"}}', NULL, '2', '2012-08-19 13:46:11'),
	('50311853-f70c-4eaa-b28b-7f1f5dbd255d', 'CREATE', 'Patient', '50311853-16f0-4286-91ce-7f1f5dbd255d', '{"Patient":{"id":"50311853-16f0-4286-91ce-7f1f5dbd255d","iniciales":"PP","fecha_nacimiento":"13\\/09\\/1971","sexo":"M","address_particular_id":"36","address_laboral_id":"37","nro_documento":"c50c662d752388edd3b1b51fbc00262657db8384de806466d7db3b0f8eb57b56","created":"2012-08-19 13:46:11","modified":"2012-08-19 13:46:11","edad":"40"}}', NULL, '2', '2012-08-19 13:46:11'),
	('50311854-8c3c-469c-a267-7f1f5dbd255d', 'CREATE', 'Answer', '53', '{"Answer":{"id":"53","patient_id":"50311853-16f0-4286-91ce-7f1f5dbd255d","question_id":"6","valor":true}}', NULL, '2', '2012-08-19 13:46:12'),
	('50311854-d560-424c-8192-7f1f5dbd255d', 'CREATE', 'Answer', '52', '{"Answer":{"id":"52","patient_id":"50311853-16f0-4286-91ce-7f1f5dbd255d","question_id":"4","valor":false}}', NULL, '2', '2012-08-19 13:46:12'),
	('50311854-dabc-4942-a1fc-7f1f5dbd255d', 'CREATE', 'Answer', '49', '{"Answer":{"id":"49","patient_id":"50311853-16f0-4286-91ce-7f1f5dbd255d","question_id":"1","valor":false}}', NULL, '2', '2012-08-19 13:46:12'),
	('50311854-f3a4-4605-b699-7f1f5dbd255d', 'CREATE', 'Answer', '50', '{"Answer":{"id":"50","patient_id":"50311853-16f0-4286-91ce-7f1f5dbd255d","question_id":"2","valor":false}}', NULL, '2', '2012-08-19 13:46:12'),
	('50311854-f454-476a-a10a-7f1f5dbd255d', 'CREATE', 'Answer', '51', '{"Answer":{"id":"51","patient_id":"50311853-16f0-4286-91ce-7f1f5dbd255d","question_id":"3","valor":true}}', NULL, '2', '2012-08-19 13:46:12'),
	('50311868-8334-476b-962f-7edc5dbd255d', 'CREATE', 'OmsRegister', '27', '{"OmsRegister":{"id":"27","patient_id":"50311853-16f0-4286-91ce-7f1f5dbd255d","medic_id":"1","address_part_id":"36","address_lab_id":"37","oms_code_id":"158","estadio":"1","fecha":"19\\/08\\/2012"}}', NULL, '2', '2012-08-19 13:46:32'),
	('503118e6-18dc-426f-986d-7f1f5dbd255d', 'CREATE', 'Answer', '58', '{"Answer":{"id":"58","patient_id":"503118e6-2db0-4092-b2b0-7f1f5dbd255d","question_id":"6","valor":false}}', NULL, '2', '2012-08-19 13:48:38'),
	('503118e6-41cc-4e9f-b38e-7f1f5dbd255d', 'CREATE', 'Patient', '503118e6-2db0-4092-b2b0-7f1f5dbd255d', '{"Patient":{"id":"503118e6-2db0-4092-b2b0-7f1f5dbd255d","iniciales":"MM","fecha_nacimiento":"18\\/01\\/1971","sexo":"M","address_particular_id":"38","address_laboral_id":null,"nro_documento":"b628cf539fa041771828df3c3d035ba53d11e4c448d2e5fed4506dfe1d7d99fe","created":"2012-08-19 13:48:38","modified":"2012-08-19 13:48:38","edad":"41"}}', NULL, '2', '2012-08-19 13:48:38'),
	('503118e6-7658-4882-8990-7f1f5dbd255d', 'CREATE', 'Answer', '56', '{"Answer":{"id":"56","patient_id":"503118e6-2db0-4092-b2b0-7f1f5dbd255d","question_id":"3","valor":false}}', NULL, '2', '2012-08-19 13:48:38'),
	('503118e6-8588-4a22-b64a-7f1f5dbd255d', 'CREATE', 'Answer', '55', '{"Answer":{"id":"55","patient_id":"503118e6-2db0-4092-b2b0-7f1f5dbd255d","question_id":"2","valor":false}}', NULL, '2', '2012-08-19 13:48:38'),
	('503118e6-b5f4-4792-bebb-7f1f5dbd255d', 'CREATE', 'Answer', '57', '{"Answer":{"id":"57","patient_id":"503118e6-2db0-4092-b2b0-7f1f5dbd255d","question_id":"4","valor":false}}', NULL, '2', '2012-08-19 13:48:38'),
	('503118e6-c7e4-47c9-8545-7f1f5dbd255d', 'CREATE', 'Answer', '54', '{"Answer":{"id":"54","patient_id":"503118e6-2db0-4092-b2b0-7f1f5dbd255d","question_id":"1","valor":false}}', NULL, '2', '2012-08-19 13:48:38'),
	('503118e6-c938-42b4-aa00-7f1f5dbd255d', 'CREATE', 'Primary', '38', '{"Primary":{"id":"38","city_id":"1","latitud":"-38.7147249","longitud":"-62.2521143","direccion":"Lavalle 800"}}', NULL, '2', '2012-08-19 13:48:38'),
	('503118fd-46a8-4f09-b98c-7f365dbd255d', 'CREATE', 'OmsRegister', '28', '{"OmsRegister":{"id":"28","patient_id":"503118e6-2db0-4092-b2b0-7f1f5dbd255d","medic_id":"1","address_part_id":"38","address_lab_id":null,"oms_code_id":"67","estadio":"3","fecha":"19\\/08\\/2012"}}', NULL, '2', '2012-08-19 13:49:01'),
	('5031194a-097c-4322-8494-7f365dbd255d', 'CREATE', 'Answer', '59', '{"Answer":{"id":"59","patient_id":"5031194a-a1a0-44cc-97d7-7f365dbd255d","question_id":"1","valor":true}}', NULL, '2', '2012-08-19 13:50:18'),
	('5031194a-0d4c-476b-a241-7f365dbd255d', 'CREATE', 'Answer', '60', '{"Answer":{"id":"60","patient_id":"5031194a-a1a0-44cc-97d7-7f365dbd255d","question_id":"2","valor":false}}', NULL, '2', '2012-08-19 13:50:18'),
	('5031194a-6ab0-42a1-a290-7f365dbd255d', 'CREATE', 'Patient', '5031194a-a1a0-44cc-97d7-7f365dbd255d', '{"Patient":{"id":"5031194a-a1a0-44cc-97d7-7f365dbd255d","iniciales":"EE","fecha_nacimiento":"01\\/08\\/1977","sexo":"M","address_particular_id":"39","address_laboral_id":"40","nro_documento":"46e73ad2cad509cc55f8f963ddb9c04eac8530a0417b94676c9f3d4d7c40d7b5","created":"2012-08-19 13:50:18","modified":"2012-08-19 13:50:18","edad":"35"}}', NULL, '2', '2012-08-19 13:50:18'),
	('5031194a-7a88-464a-bd1c-7f365dbd255d', 'CREATE', 'Answer', '63', '{"Answer":{"id":"63","patient_id":"5031194a-a1a0-44cc-97d7-7f365dbd255d","question_id":"6","valor":true}}', NULL, '2', '2012-08-19 13:50:18'),
	('5031194a-8514-48d3-beb8-7f365dbd255d', 'CREATE', 'Primary', '39', '{"Primary":{"id":"39","city_id":"1","latitud":"-38.7255803","longitud":"-62.2454846","direccion":"14 de Julio 600"}}', NULL, '2', '2012-08-19 13:50:18'),
	('5031194a-86fc-4ba9-a335-7f365dbd255d', 'CREATE', 'Secondary', '40', '{"Secondary":{"id":"40","city_id":"1","latitud":"-38.7313572","longitud":"-62.2803349","direccion":"Tte. Farias 100"}}', NULL, '2', '2012-08-19 13:50:18'),
	('5031194a-9918-48f9-bb63-7f365dbd255d', 'CREATE', 'Answer', '62', '{"Answer":{"id":"62","patient_id":"5031194a-a1a0-44cc-97d7-7f365dbd255d","question_id":"4","valor":false}}', NULL, '2', '2012-08-19 13:50:18'),
	('5031194a-e23c-4cd6-b354-7f365dbd255d', 'CREATE', 'Answer', '61', '{"Answer":{"id":"61","patient_id":"5031194a-a1a0-44cc-97d7-7f365dbd255d","question_id":"3","valor":true}}', NULL, '2', '2012-08-19 13:50:18'),
	('50311960-2d08-4a0c-80eb-74375dbd255d', 'CREATE', 'OmsRegister', '29', '{"OmsRegister":{"id":"29","patient_id":"5031194a-a1a0-44cc-97d7-7f365dbd255d","medic_id":"1","address_part_id":"39","address_lab_id":"40","oms_code_id":"116","estadio":"3","fecha":"19\\/08\\/2012"}}', NULL, '2', '2012-08-19 13:50:40'),
	('5031199f-1c50-435f-9830-7fda5dbd255d', 'CREATE', 'Secondary', '42', '{"Secondary":{"id":"42","city_id":"1","latitud":"-38.704559","longitud":"-62.2783473","direccion":"Mitre 1300"}}', NULL, '2', '2012-08-19 13:51:43'),
	('5031199f-7670-4935-970f-7fda5dbd255d', 'CREATE', 'Answer', '67', '{"Answer":{"id":"67","patient_id":"5031199f-2c68-4138-8e56-7fda5dbd255d","question_id":"6","valor":false}}', NULL, '2', '2012-08-19 13:51:43'),
	('5031199f-8114-404f-b160-7fda5dbd255d', 'CREATE', 'Answer', '66', '{"Answer":{"id":"66","patient_id":"5031199f-2c68-4138-8e56-7fda5dbd255d","question_id":"3","valor":true}}', NULL, '2', '2012-08-19 13:51:43'),
	('5031199f-9ccc-479a-94f9-7fda5dbd255d', 'CREATE', 'Patient', '5031199f-2c68-4138-8e56-7fda5dbd255d', '{"Patient":{"id":"5031199f-2c68-4138-8e56-7fda5dbd255d","iniciales":"PO","fecha_nacimiento":"21\\/08\\/1936","sexo":"M","address_particular_id":"41","address_laboral_id":"42","nro_documento":"a0d549910aabad7f37e4b8d0b1eb04697bc769c565aea95001057fac3c84c99f","created":"2012-08-19 13:51:43","modified":"2012-08-19 13:51:43","edad":"75"}}', NULL, '2', '2012-08-19 13:51:43'),
	('5031199f-a1fc-4d04-97ce-7fda5dbd255d', 'CREATE', 'Answer', '65', '{"Answer":{"id":"65","patient_id":"5031199f-2c68-4138-8e56-7fda5dbd255d","question_id":"2","valor":false}}', NULL, '2', '2012-08-19 13:51:43'),
	('5031199f-ad78-4fe8-be65-7fda5dbd255d', 'CREATE', 'Primary', '41', '{"Primary":{"id":"41","city_id":"1","latitud":"-38.7054641","longitud":"-62.2566587","direccion":"Witcomb 400"}}', NULL, '2', '2012-08-19 13:51:43'),
	('5031199f-d98c-425b-8aba-7fda5dbd255d', 'CREATE', 'Answer', '64', '{"Answer":{"id":"64","patient_id":"5031199f-2c68-4138-8e56-7fda5dbd255d","question_id":"1","valor":false}}', NULL, '2', '2012-08-19 13:51:43'),
	('503119d5-14dc-4b8a-ad96-7fda5dbd255d', 'CREATE', 'OmsRegister', '30', '{"OmsRegister":{"id":"30","patient_id":"5031199f-2c68-4138-8e56-7fda5dbd255d","medic_id":"1","address_part_id":"41","address_lab_id":"42","oms_code_id":"29","estadio":"2","fecha":"19\\/08\\/2012"}}', NULL, '2', '2012-08-19 13:52:37'),
	('50311a13-26b0-4906-b4b9-74375dbd255d', 'CREATE', 'Secondary', '44', '{"Secondary":{"id":"44","city_id":"1","latitud":"-38.7196884","longitud":"-62.252903","direccion":"Darwin"}}', NULL, '2', '2012-08-19 13:53:39'),
	('50311a13-4cac-4790-9f0e-74375dbd255d', 'CREATE', 'Primary', '43', '{"Primary":{"id":"43","city_id":"1","latitud":"-38.7184088","longitud":"-62.2503383","direccion":"Darwin 1000"}}', NULL, '2', '2012-08-19 13:53:39'),
	('50311a13-82d8-41f8-97d5-74375dbd255d', 'CREATE', 'Patient', '50311a13-359c-48ec-99f8-74375dbd255d', '{"Patient":{"id":"50311a13-359c-48ec-99f8-74375dbd255d","iniciales":"UH","fecha_nacimiento":"16\\/08\\/1933","sexo":"F","address_particular_id":"43","address_laboral_id":"44","nro_documento":"7d3db5a6bca15cfba21d00045fc423cb90ba9a314e66bde87f49892746ae800e","created":"2012-08-19 13:53:39","modified":"2012-08-19 13:53:39","edad":"79"}}', NULL, '2', '2012-08-19 13:53:39'),
	('50311a13-8888-4abb-8305-74375dbd255d', 'CREATE', 'Answer', '72', '{"Answer":{"id":"72","patient_id":"50311a13-359c-48ec-99f8-74375dbd255d","question_id":"6","valor":false}}', NULL, '2', '2012-08-19 13:53:39'),
	('50311a13-b654-45ba-acaf-74375dbd255d', 'CREATE', 'Answer', '71', '{"Answer":{"id":"71","patient_id":"50311a13-359c-48ec-99f8-74375dbd255d","question_id":"4","valor":true}}', NULL, '2', '2012-08-19 13:53:39'),
	('50311a13-dfd4-4366-99c9-74375dbd255d', 'CREATE', 'Answer', '70', '{"Answer":{"id":"70","patient_id":"50311a13-359c-48ec-99f8-74375dbd255d","question_id":"3","valor":true}}', NULL, '2', '2012-08-19 13:53:39'),
	('50311a13-ee14-4675-9189-74375dbd255d', 'CREATE', 'Answer', '68', '{"Answer":{"id":"68","patient_id":"50311a13-359c-48ec-99f8-74375dbd255d","question_id":"1","valor":false}}', NULL, '2', '2012-08-19 13:53:39'),
	('50311a13-fd38-416c-8a71-74375dbd255d', 'CREATE', 'Answer', '69', '{"Answer":{"id":"69","patient_id":"50311a13-359c-48ec-99f8-74375dbd255d","question_id":"2","valor":false}}', NULL, '2', '2012-08-19 13:53:39'),
	('50311a2a-3528-4b89-9d24-7fae5dbd255d', 'CREATE', 'OmsRegister', '31', '{"OmsRegister":{"id":"31","patient_id":"50311a13-359c-48ec-99f8-74375dbd255d","medic_id":"1","address_part_id":"43","address_lab_id":"44","oms_code_id":"108","estadio":"0","fecha":"19\\/08\\/2012"}}', NULL, '2', '2012-08-19 13:54:02'),
	('50311b99-181c-4896-adff-7fc05dbd255d', 'CREATE', 'Answer', '73', '{"Answer":{"id":"73","patient_id":"50311b99-bc08-471b-9737-7fc05dbd255d","question_id":"1","valor":true}}', NULL, '2', '2012-08-19 14:00:09'),
	('50311b99-2330-45aa-ba01-7fc05dbd255d', 'CREATE', 'Secondary', '46', '{"Secondary":{"id":"46","city_id":"1","latitud":"-38.7185836","longitud":"-62.2582899","direccion":"Lavalle 300"}}', NULL, '2', '2012-08-19 14:00:09'),
	('50311b99-85dc-4f83-8368-7fc05dbd255d', 'CREATE', 'Patient', '50311b99-bc08-471b-9737-7fc05dbd255d', '{"Patient":{"id":"50311b99-bc08-471b-9737-7fc05dbd255d","iniciales":"PL","fecha_nacimiento":"22\\/10\\/1952","sexo":"F","address_particular_id":"45","address_laboral_id":"46","nro_documento":"543f87ee2e05f1542136044a45cdfcdfb0b85ebb7f697ae8629dda75b4cee4f8","created":"2012-08-19 14:00:09","modified":"2012-08-19 14:00:09","edad":"59"}}', NULL, '2', '2012-08-19 14:00:09'),
	('50311b99-8c30-4230-9898-7fc05dbd255d', 'CREATE', 'Primary', '45', '{"Primary":{"id":"45","city_id":"1","latitud":"-38.7067063","longitud":"-62.3141706","direccion":"Don Bosco 3000"}}', NULL, '2', '2012-08-19 14:00:09'),
	('50311b9a-1d50-4735-a202-7fc05dbd255d', 'CREATE', 'Answer', '76', '{"Answer":{"id":"76","patient_id":"50311b99-bc08-471b-9737-7fc05dbd255d","question_id":"6","valor":false}}', NULL, '2', '2012-08-19 14:00:10'),
	('50311b9a-5964-4cfd-9079-7fc05dbd255d', 'CREATE', 'Answer', '75', '{"Answer":{"id":"75","patient_id":"50311b99-bc08-471b-9737-7fc05dbd255d","question_id":"4","valor":true}}', NULL, '2', '2012-08-19 14:00:10'),
	('50311b9a-d330-424a-b93b-7fc05dbd255d', 'CREATE', 'Answer', '74', '{"Answer":{"id":"74","patient_id":"50311b99-bc08-471b-9737-7fc05dbd255d","question_id":"3","valor":false}}', NULL, '2', '2012-08-19 14:00:10'),
	('50311c12-2150-4e96-8db5-74375dbd255d', 'CREATE', 'Answer', '77', '{"Answer":{"id":"77","patient_id":"50311c12-f994-4606-9d1d-74375dbd255d","question_id":"1","valor":true}}', NULL, '2', '2012-08-19 14:02:10'),
	('50311c12-22a4-4ded-8e3a-74375dbd255d', 'CREATE', 'Answer', '78', '{"Answer":{"id":"78","patient_id":"50311c12-f994-4606-9d1d-74375dbd255d","question_id":"2","valor":false}}', NULL, '2', '2012-08-19 14:02:10'),
	('50311c12-b078-41b1-9d42-74375dbd255d', 'CREATE', 'Patient', '50311c12-f994-4606-9d1d-74375dbd255d', '{"Patient":{"id":"50311c12-f994-4606-9d1d-74375dbd255d","iniciales":"LL","fecha_nacimiento":"12\\/08\\/1948","sexo":"F","address_particular_id":"47","address_laboral_id":"48","nro_documento":"dd9227cf667557b9ee2db8714e6e524b5aec8a9facafef7600826858a17c4563","created":"2012-08-19 14:02:10","modified":"2012-08-19 14:02:10","edad":"64"}}', NULL, '2', '2012-08-19 14:02:10'),
	('50311c12-b218-4d39-b251-74375dbd255d', 'CREATE', 'Answer', '80', '{"Answer":{"id":"80","patient_id":"50311c12-f994-4606-9d1d-74375dbd255d","question_id":"4","valor":true}}', NULL, '2', '2012-08-19 14:02:10'),
	('50311c12-d07c-4948-950f-74375dbd255d', 'CREATE', 'Secondary', '48', '{"Secondary":{"id":"48","city_id":"1","latitud":"-38.7035584","longitud":"-62.292186","direccion":"17 de Mayo 200"}}', NULL, '2', '2012-08-19 14:02:10'),
	('50311c12-dd88-4b72-9fcb-74375dbd255d', 'CREATE', 'Answer', '81', '{"Answer":{"id":"81","patient_id":"50311c12-f994-4606-9d1d-74375dbd255d","question_id":"6","valor":true}}', NULL, '2', '2012-08-19 14:02:10'),
	('50311c12-f484-466e-afa8-74375dbd255d', 'CREATE', 'Primary', '47', '{"Primary":{"id":"47","city_id":"1","latitud":"-38.7177124","longitud":"-62.3123016","direccion":"Mart\\u00edn Gil"}}', NULL, '2', '2012-08-19 14:02:10'),
	('50311c12-f988-43a4-ba1b-74375dbd255d', 'CREATE', 'Answer', '79', '{"Answer":{"id":"79","patient_id":"50311c12-f994-4606-9d1d-74375dbd255d","question_id":"3","valor":false}}', NULL, '2', '2012-08-19 14:02:10'),
	('50311c2e-b080-4c48-8261-7fda5dbd255d', 'CREATE', 'OmsRegister', '32', '{"OmsRegister":{"id":"32","patient_id":"50311c12-f994-4606-9d1d-74375dbd255d","medic_id":"1","address_part_id":"47","address_lab_id":"48","oms_code_id":"53","estadio":"2","fecha":"19\\/08\\/2012"}}', NULL, '2', '2012-08-19 14:02:38'),
	('50311ced-0fb0-4c5b-9d5e-7fc05dbd255d', 'CREATE', 'Answer', '83', '{"Answer":{"id":"83","patient_id":"50311ced-4b30-4274-a899-7fc05dbd255d","question_id":"2","valor":false}}', NULL, '2', '2012-08-19 14:05:49'),
	('50311ced-2990-47a0-8c9b-7fc05dbd255d', 'CREATE', 'Answer', '82', '{"Answer":{"id":"82","patient_id":"50311ced-4b30-4274-a899-7fc05dbd255d","question_id":"1","valor":true}}', NULL, '2', '2012-08-19 14:05:49'),
	('50311ced-4220-43b8-9d13-7fc05dbd255d', 'CREATE', 'Secondary', '50', '{"Secondary":{"id":"50","city_id":"1","latitud":"-38.6934446","longitud":"-62.3042318","direccion":"Vieytes 3400"}}', NULL, '2', '2012-08-19 14:05:49'),
	('50311ced-46cc-4083-b65b-7fc05dbd255d', 'CREATE', 'Patient', '50311ced-4b30-4274-a899-7fc05dbd255d', '{"Patient":{"id":"50311ced-4b30-4274-a899-7fc05dbd255d","iniciales":"AS","fecha_nacimiento":"24\\/12\\/1937","sexo":"F","address_particular_id":"49","address_laboral_id":"50","nro_documento":"ed9591479e1c733da14076ad4c29441ef614d5651b54a0b91a8543f46629f185","created":"2012-08-19 14:05:49","modified":"2012-08-19 14:05:49","edad":"74"}}', NULL, '2', '2012-08-19 14:05:49'),
	('50311ced-7780-4dbd-a595-7fc05dbd255d', 'CREATE', 'Answer', '84', '{"Answer":{"id":"84","patient_id":"50311ced-4b30-4274-a899-7fc05dbd255d","question_id":"3","valor":true}}', NULL, '2', '2012-08-19 14:05:49'),
	('50311ced-92c0-4165-bae8-7fc05dbd255d', 'CREATE', 'Answer', '85', '{"Answer":{"id":"85","patient_id":"50311ced-4b30-4274-a899-7fc05dbd255d","question_id":"4","valor":true}}', NULL, '2', '2012-08-19 14:05:49'),
	('50311ced-af90-47dd-8973-7fc05dbd255d', 'CREATE', 'Answer', '86', '{"Answer":{"id":"86","patient_id":"50311ced-4b30-4274-a899-7fc05dbd255d","question_id":"6","valor":true}}', NULL, '2', '2012-08-19 14:05:49'),
	('50311ced-f350-4f22-bbf7-7fc05dbd255d', 'CREATE', 'Primary', '49', '{"Primary":{"id":"49","city_id":"1","latitud":"-38.7177124","longitud":"-62.3123016","direccion":"Mart\\u00edn Gil"}}', NULL, '2', '2012-08-19 14:05:49'),
	('50311d01-8a10-4e7e-b70d-74375dbd255d', 'CREATE', 'OmsRegister', '33', '{"OmsRegister":{"id":"33","patient_id":"50311ced-4b30-4274-a899-7fc05dbd255d","medic_id":"1","address_part_id":"49","address_lab_id":"50","oms_code_id":"77","estadio":"0","fecha":"19\\/08\\/2012"}}', NULL, '2', '2012-08-19 14:06:09'),
	('503253db-0ae0-4127-8206-2b0e5dbd255d', 'CREATE', 'Answer', '87', '{"Answer":{"id":"87","patient_id":"503253db-a0e0-4141-a738-2b0e5dbd255d","question_id":"1","valor":false}}', NULL, '2', '2012-08-20 12:12:27'),
	('503253db-4c10-44db-835d-2b0e5dbd255d', 'CREATE', 'Answer', '90', '{"Answer":{"id":"90","patient_id":"503253db-a0e0-4141-a738-2b0e5dbd255d","question_id":"6","valor":false}}', NULL, '2', '2012-08-20 12:12:27'),
	('503253db-4fa4-4b07-b2fa-2b0e5dbd255d', 'CREATE', 'Answer', '89', '{"Answer":{"id":"89","patient_id":"503253db-a0e0-4141-a738-2b0e5dbd255d","question_id":"4","valor":false}}', NULL, '2', '2012-08-20 12:12:27'),
	('503253db-5afc-4ad5-8e6e-2b0e5dbd255d', 'CREATE', 'Secondary', '52', '{"Secondary":{"id":"52","city_id":"1","latitud":"-38.7159288","longitud":"-62.2616549","direccion":"Alsina 300"}}', NULL, '2', '2012-08-20 12:12:27'),
	('503253db-62e4-4ed8-8279-2b0e5dbd255d', 'CREATE', 'Primary', '51', '{"Primary":{"id":"51","city_id":"1","latitud":"-38.7128275","longitud":"-62.2617501","direccion":"Av Alem 200"}}', NULL, '2', '2012-08-20 12:12:27'),
	('503253db-9924-436c-bf56-2b0e5dbd255d', 'CREATE', 'Answer', '88', '{"Answer":{"id":"88","patient_id":"503253db-a0e0-4141-a738-2b0e5dbd255d","question_id":"2","valor":true}}', NULL, '2', '2012-08-20 12:12:27'),
	('503253db-9994-428b-8325-2b0e5dbd255d', 'CREATE', 'Patient', '503253db-a0e0-4141-a738-2b0e5dbd255d', '{"Patient":{"id":"503253db-a0e0-4141-a738-2b0e5dbd255d","iniciales":"EE","fecha_nacimiento":"04\\/08\\/1957","sexo":"F","address_particular_id":"51","address_laboral_id":"52","nro_documento":"563d3b03efa0152823d7874e52341f10da8e72f5c64365bf07513d5fbe519a64","created":"2012-08-20 12:12:27","modified":"2012-08-20 12:12:27","edad":"55"}}', NULL, '2', '2012-08-20 12:12:27'),
	('503253fb-0b88-4f31-89f5-428f5dbd255d', 'CREATE', 'OmsRegister', '34', '{"OmsRegister":{"id":"34","patient_id":"503253db-a0e0-4141-a738-2b0e5dbd255d","medic_id":"1","address_part_id":"51","address_lab_id":"52","oms_code_id":"119","estadio":"4","fecha":"20\\/08\\/2012"}}', NULL, '2', '2012-08-20 12:12:59'),
	('5032545c-2818-4a50-a106-47f75dbd255d', 'CREATE', 'Primary', '53', '{"Primary":{"id":"53","city_id":"1","latitud":"-38.7098297","longitud":"-62.266891","direccion":"Zapiola 500"}}', NULL, '2', '2012-08-20 12:14:36'),
	('5032545c-3480-4dd9-8ef7-47f75dbd255d', 'CREATE', 'Secondary', '54', '{"Secondary":{"id":"54","city_id":"1","latitud":"-38.7312355","longitud":"-62.2325512","direccion":"Necochea 900"}}', NULL, '2', '2012-08-20 12:14:36'),
	('5032545c-6c9c-4495-9ea0-47f75dbd255d', 'CREATE', 'Patient', '5032545c-1b94-4bc7-b9da-47f75dbd255d', '{"Patient":{"id":"5032545c-1b94-4bc7-b9da-47f75dbd255d","iniciales":"LK","fecha_nacimiento":"04\\/02\\/1969","sexo":"M","address_particular_id":"53","address_laboral_id":"54","nro_documento":"df05d8d6237b9a86480766b5f57f3e7be7977702ecfe4e9a91edcd99bb606bcf","created":"2012-08-20 12:14:36","modified":"2012-08-20 12:14:36","edad":"43"}}', NULL, '2', '2012-08-20 12:14:36'),
	('5032545c-7c64-4e14-8751-47f75dbd255d', 'CREATE', 'Answer', '93', '{"Answer":{"id":"93","patient_id":"5032545c-1b94-4bc7-b9da-47f75dbd255d","question_id":"6","valor":true}}', NULL, '2', '2012-08-20 12:14:36'),
	('5032545c-afa8-4f5b-a436-47f75dbd255d', 'CREATE', 'Answer', '92', '{"Answer":{"id":"92","patient_id":"5032545c-1b94-4bc7-b9da-47f75dbd255d","question_id":"2","valor":false}}', NULL, '2', '2012-08-20 12:14:36'),
	('5032545c-f28c-412d-86be-47f75dbd255d', 'CREATE', 'Answer', '91', '{"Answer":{"id":"91","patient_id":"5032545c-1b94-4bc7-b9da-47f75dbd255d","question_id":"1","valor":true}}', NULL, '2', '2012-08-20 12:14:36'),
	('50325478-653c-4771-98e4-44745dbd255d', 'CREATE', 'OmsRegister', '35', '{"OmsRegister":{"id":"35","patient_id":"5032545c-1b94-4bc7-b9da-47f75dbd255d","medic_id":"1","address_part_id":"53","address_lab_id":"54","oms_code_id":"80","estadio":"1","fecha":"20\\/08\\/2012"}}', NULL, '2', '2012-08-20 12:15:04'),
	('503254bf-0f5c-4974-90c1-482d5dbd255d', 'CREATE', 'Primary', '55', '{"Primary":{"id":"55","city_id":"1","latitud":"-38.7175727","longitud":"-62.2785209","direccion":"Patricios 400"}}', NULL, '2', '2012-08-20 12:16:15'),
	('503254bf-2168-44a5-b1b4-482d5dbd255d', 'CREATE', 'Answer', '98', '{"Answer":{"id":"98","patient_id":"503254bf-8d0c-4c49-ae23-482d5dbd255d","question_id":"6","valor":false}}', NULL, '2', '2012-08-20 12:16:15'),
	('503254bf-22ac-4462-9c4f-482d5dbd255d', 'CREATE', 'Answer', '97', '{"Answer":{"id":"97","patient_id":"503254bf-8d0c-4c49-ae23-482d5dbd255d","question_id":"4","valor":false}}', NULL, '2', '2012-08-20 12:16:15'),
	('503254bf-2688-40c8-922d-482d5dbd255d', 'CREATE', 'Answer', '96', '{"Answer":{"id":"96","patient_id":"503254bf-8d0c-4c49-ae23-482d5dbd255d","question_id":"3","valor":true}}', NULL, '2', '2012-08-20 12:16:15'),
	('503254bf-284c-4461-b4b2-482d5dbd255d', 'CREATE', 'Secondary', '56', '{"Secondary":{"id":"56","city_id":"1","latitud":"-38.7233163","longitud":"-62.2661243","direccion":"Saavedra 300"}}', NULL, '2', '2012-08-20 12:16:15'),
	('503254bf-5c8c-4cd4-b26e-482d5dbd255d', 'CREATE', 'Answer', '94', '{"Answer":{"id":"94","patient_id":"503254bf-8d0c-4c49-ae23-482d5dbd255d","question_id":"1","valor":true}}', NULL, '2', '2012-08-20 12:16:15'),
	('503254bf-71e0-4d63-a9a4-482d5dbd255d', 'CREATE', 'Answer', '95', '{"Answer":{"id":"95","patient_id":"503254bf-8d0c-4c49-ae23-482d5dbd255d","question_id":"2","valor":false}}', NULL, '2', '2012-08-20 12:16:15'),
	('503254bf-7dc4-4a67-bd54-482d5dbd255d', 'CREATE', 'Patient', '503254bf-8d0c-4c49-ae23-482d5dbd255d', '{"Patient":{"id":"503254bf-8d0c-4c49-ae23-482d5dbd255d","iniciales":"DF","fecha_nacimiento":"23\\/07\\/1947","sexo":"F","address_particular_id":"55","address_laboral_id":"56","nro_documento":"a088af6211af7f2991e25660cbdb3edf2882a93c0cd39e70e5a5e80e62b8cc0c","created":"2012-08-20 12:16:15","modified":"2012-08-20 12:16:15","edad":"65"}}', NULL, '2', '2012-08-20 12:16:15'),
	('50325517-61a4-442e-9297-428f5dbd255d', 'CREATE', 'OmsRegister', '36', '{"OmsRegister":{"id":"36","patient_id":"503254bf-8d0c-4c49-ae23-482d5dbd255d","medic_id":"1","address_part_id":"55","address_lab_id":"56","oms_code_id":"141","estadio":"3","fecha":"20\\/08\\/2012"}}', NULL, '2', '2012-08-20 12:17:43'),
	('50325669-0ba0-4c4e-a397-428f5dbd255d', 'CREATE', 'Answer', '103', '{"Answer":{"id":"103","patient_id":"50325669-b664-4584-afec-428f5dbd255d","question_id":"6","valor":false}}', NULL, '2', '2012-08-20 12:23:21'),
	('50325669-0ef8-41d8-b9ed-428f5dbd255d', 'CREATE', 'Primary', '57', '{"Primary":{"id":"57","city_id":"1","latitud":"-38.7158506","longitud":"-62.2501911","direccion":"Brandsen 1000"}}', NULL, '2', '2012-08-20 12:23:21'),
	('50325669-32c8-46bc-a621-428f5dbd255d', 'CREATE', 'Answer', '102', '{"Answer":{"id":"102","patient_id":"50325669-b664-4584-afec-428f5dbd255d","question_id":"4","valor":false}}', NULL, '2', '2012-08-20 12:23:21'),
	('50325669-3684-4310-bf9c-428f5dbd255d', 'CREATE', 'Patient', '50325669-b664-4584-afec-428f5dbd255d', '{"Patient":{"id":"50325669-b664-4584-afec-428f5dbd255d","iniciales":"GH","fecha_nacimiento":"01\\/08\\/1933","sexo":"M","address_particular_id":"57","address_laboral_id":"58","nro_documento":"27033caba8282294b38cbaff6f17bc30882ff795fae039bc6d27be9d6e1abfb5","created":"2012-08-20 12:23:21","modified":"2012-08-20 12:23:21","edad":"79"}}', NULL, '2', '2012-08-20 12:23:21'),
	('50325669-4be0-49c0-8df0-428f5dbd255d', 'CREATE', 'Answer', '101', '{"Answer":{"id":"101","patient_id":"50325669-b664-4584-afec-428f5dbd255d","question_id":"3","valor":false}}', NULL, '2', '2012-08-20 12:23:21'),
	('50325669-7150-4a87-a325-428f5dbd255d', 'CREATE', 'Secondary', '58', '{"Secondary":{"id":"58","city_id":"1","latitud":"-38.7397123","longitud":"-62.2431489","direccion":"Brown 2300"}}', NULL, '2', '2012-08-20 12:23:21'),
	('50325669-7628-4ce8-a52f-428f5dbd255d', 'CREATE', 'Answer', '100', '{"Answer":{"id":"100","patient_id":"50325669-b664-4584-afec-428f5dbd255d","question_id":"2","valor":false}}', NULL, '2', '2012-08-20 12:23:21'),
	('50325669-a3f4-497a-acf8-428f5dbd255d', 'CREATE', 'Answer', '99', '{"Answer":{"id":"99","patient_id":"50325669-b664-4584-afec-428f5dbd255d","question_id":"1","valor":false}}', NULL, '2', '2012-08-20 12:23:21'),
	('5032568b-0564-4f32-988a-44755dbd255d', 'CREATE', 'OmsRegister', '37', '{"OmsRegister":{"id":"37","patient_id":"50325669-b664-4584-afec-428f5dbd255d","medic_id":"1","address_part_id":"57","address_lab_id":"58","oms_code_id":"53","estadio":"0","fecha":"20\\/08\\/2012"}}', NULL, '2', '2012-08-20 12:23:55'),
	('5036a6ca-6710-425c-bbe8-39f75dbd255d', 'CREATE', 'Answer', '108', '{"Answer":{"id":"108","patient_id":"5036a6ca-471c-45a3-ba8a-39f75dbd255d","question_id":"6","valor":false}}', NULL, '2', '2012-08-23 18:55:22'),
	('5036a6ca-8ea8-4839-b483-39f75dbd255d', 'CREATE', 'Primary', '59', '{"Primary":{"id":"59","city_id":"1","latitud":"-38.7090896","longitud":"-62.2589722","direccion":"Rodr\\u00edguez 800"}}', NULL, '2', '2012-08-23 18:55:22'),
	('5036a6ca-acf0-4991-8a5d-39f75dbd255d', 'CREATE', 'Answer', '107', '{"Answer":{"id":"107","patient_id":"5036a6ca-471c-45a3-ba8a-39f75dbd255d","question_id":"4","valor":true}}', NULL, '2', '2012-08-23 18:55:22'),
	('5036a6ca-b0f0-429b-9ceb-39f75dbd255d', 'CREATE', 'Answer', '106', '{"Answer":{"id":"106","patient_id":"5036a6ca-471c-45a3-ba8a-39f75dbd255d","question_id":"3","valor":true}}', NULL, '2', '2012-08-23 18:55:22'),
	('5036a6ca-b2e0-4cfd-b5b0-39f75dbd255d', 'CREATE', 'Patient', '5036a6ca-471c-45a3-ba8a-39f75dbd255d', '{"Patient":{"id":"5036a6ca-471c-45a3-ba8a-39f75dbd255d","iniciales":"Jc","fecha_nacimiento":"15\\/07\\/1982","sexo":"F","address_particular_id":"59","address_laboral_id":null,"nro_documento":"d70ec720c39bd33394aa51eef6095303182e1db432129ae0e3134155f7260fd0","created":"2012-08-23 18:55:22","modified":"2012-08-23 18:55:22","edad":"30"}}', NULL, '2', '2012-08-23 18:55:22'),
	('5036a6ca-b2fc-4014-b199-39f75dbd255d', 'CREATE', 'Answer', '105', '{"Answer":{"id":"105","patient_id":"5036a6ca-471c-45a3-ba8a-39f75dbd255d","question_id":"2","valor":false}}', NULL, '2', '2012-08-23 18:55:22'),
	('5036a6ca-dd44-49cd-b840-39f75dbd255d', 'CREATE', 'Answer', '104', '{"Answer":{"id":"104","patient_id":"5036a6ca-471c-45a3-ba8a-39f75dbd255d","question_id":"1","valor":true}}', NULL, '2', '2012-08-23 18:55:22'),
	('5036a810-5bec-46d4-be20-3abc5dbd255d', 'CREATE', 'OmsRegister', '38', '{"OmsRegister":{"id":"38","patient_id":"5036a6ca-471c-45a3-ba8a-39f75dbd255d","medic_id":"2","address_part_id":"59","address_lab_id":null,"oms_code_id":"89","estadio":"2","fecha":"23\\/08\\/2012"}}', NULL, '2', '2012-08-23 19:00:48'),
	('5036a9a1-0170-4787-bfc5-3bb35dbd255d', 'CREATE', 'Answer', '110', '{"Answer":{"id":"110","patient_id":"5036a9a1-5c58-4643-9465-3bb35dbd255d","question_id":"2","valor":false}}', NULL, '2', '2012-08-23 19:07:29'),
	('5036a9a1-687c-4ae2-b32c-3bb35dbd255d', 'CREATE', 'Answer', '113', '{"Answer":{"id":"113","patient_id":"5036a9a1-5c58-4643-9465-3bb35dbd255d","question_id":"6","valor":true}}', NULL, '2', '2012-08-23 19:07:29'),
	('5036a9a1-97ac-4eee-bcc7-3bb35dbd255d', 'CREATE', 'Answer', '112', '{"Answer":{"id":"112","patient_id":"5036a9a1-5c58-4643-9465-3bb35dbd255d","question_id":"4","valor":false}}', NULL, '2', '2012-08-23 19:07:29'),
	('5036a9a1-97dc-4fef-beae-3bb35dbd255d', 'CREATE', 'Patient', '5036a9a1-5c58-4643-9465-3bb35dbd255d', '{"Patient":{"id":"5036a9a1-5c58-4643-9465-3bb35dbd255d","iniciales":"Rn","fecha_nacimiento":"09\\/10\\/1991","sexo":"M","address_particular_id":"60","address_laboral_id":null,"nro_documento":"fde73238e79cf520a99c6c135514383c47eee2454368a2805a2b5314b5e08c09","created":"2012-08-23 19:07:29","modified":"2012-08-23 19:07:29","edad":"20"}}', NULL, '2', '2012-08-23 19:07:29'),
	('5036a9a1-dbd8-448b-8ab7-3bb35dbd255d', 'CREATE', 'Answer', '111', '{"Answer":{"id":"111","patient_id":"5036a9a1-5c58-4643-9465-3bb35dbd255d","question_id":"3","valor":false}}', NULL, '2', '2012-08-23 19:07:29'),
	('5036a9a1-dcd0-48da-9e20-3bb35dbd255d', 'CREATE', 'Answer', '109', '{"Answer":{"id":"109","patient_id":"5036a9a1-5c58-4643-9465-3bb35dbd255d","question_id":"1","valor":true}}', NULL, '2', '2012-08-23 19:07:29'),
	('5036a9a1-ffb0-4a0c-b332-3bb35dbd255d', 'CREATE', 'Primary', '60', '{"Primary":{"id":"60","city_id":"1","latitud":"-38.7024552","longitud":"-62.2176291","direccion":"Lauquen 100"}}', NULL, '2', '2012-08-23 19:07:29'),
	('5036aa3a-5cf4-4ac5-819d-3b845dbd255d', 'CREATE', 'Answer', '118', '{"Answer":{"id":"118","patient_id":"5036aa3a-aa18-4774-857a-3b845dbd255d","question_id":"6","valor":true}}', NULL, '2', '2012-08-23 19:10:02'),
	('5036aa3a-5de4-48a0-9c03-3b845dbd255d', 'CREATE', 'Answer', '115', '{"Answer":{"id":"115","patient_id":"5036aa3a-aa18-4774-857a-3b845dbd255d","question_id":"2","valor":false}}', NULL, '2', '2012-08-23 19:10:02'),
	('5036aa3a-75a4-4bb5-8384-3b845dbd255d', 'CREATE', 'Answer', '114', '{"Answer":{"id":"114","patient_id":"5036aa3a-aa18-4774-857a-3b845dbd255d","question_id":"1","valor":true}}', NULL, '2', '2012-08-23 19:10:02'),
	('5036aa3a-96d4-4789-a3cc-3b845dbd255d', 'CREATE', 'Answer', '117', '{"Answer":{"id":"117","patient_id":"5036aa3a-aa18-4774-857a-3b845dbd255d","question_id":"4","valor":false}}', NULL, '2', '2012-08-23 19:10:02'),
	('5036aa3a-9828-47ba-9eee-3b845dbd255d', 'CREATE', 'Primary', '61', '{"Primary":{"id":"61","city_id":"1","latitud":"-38.6976862","longitud":"-62.2117385","direccion":"Lauquen 500"}}', NULL, '2', '2012-08-23 19:10:02'),
	('5036aa3a-d7ec-44f7-8a80-3b845dbd255d', 'CREATE', 'Patient', '5036aa3a-aa18-4774-857a-3b845dbd255d', '{"Patient":{"id":"5036aa3a-aa18-4774-857a-3b845dbd255d","iniciales":"Rn","fecha_nacimiento":"09\\/10\\/1991","sexo":"M","address_particular_id":"61","address_laboral_id":null,"nro_documento":"fe91ea5ba800dfbcf8a35bd278fb368177def30c900a72a1d258a6a6ad70b5e6","created":"2012-08-23 19:10:02","modified":"2012-08-23 19:10:02","edad":"20"}}', NULL, '2', '2012-08-23 19:10:02'),
	('5036aa3a-ef6c-4911-83c9-3b845dbd255d', 'CREATE', 'Answer', '116', '{"Answer":{"id":"116","patient_id":"5036aa3a-aa18-4774-857a-3b845dbd255d","question_id":"3","valor":false}}', NULL, '2', '2012-08-23 19:10:02'),
	('5036aa90-74a8-461c-9a8a-3bed5dbd255d', 'CREATE', 'OmsRegister', '39', '{"OmsRegister":{"id":"39","patient_id":"5036aa3a-aa18-4774-857a-3b845dbd255d","medic_id":"2","address_part_id":"61","address_lab_id":null,"oms_code_id":"116","estadio":"1","fecha":"23\\/08\\/2012"}}', NULL, '2', '2012-08-23 19:11:28'),
	('5036ab61-1690-457d-8606-3bec5dbd255d', 'CREATE', 'Primary', '62', '{"Primary":{"id":"62","city_id":"1","latitud":"-38.7127743","longitud":"-62.2616648","direccion":"Sarmiento 500"}}', NULL, '2', '2012-08-23 19:14:57'),
	('5036ab61-3110-4a34-9ef0-3bec5dbd255d', 'CREATE', 'Answer', '120', '{"Answer":{"id":"120","patient_id":"5036ab61-8b0c-437b-944f-3bec5dbd255d","question_id":"2","valor":false}}', NULL, '2', '2012-08-23 19:14:57'),
	('5036ab61-5d4c-4a57-b13e-3bec5dbd255d', 'CREATE', 'Answer', '119', '{"Answer":{"id":"119","patient_id":"5036ab61-8b0c-437b-944f-3bec5dbd255d","question_id":"1","valor":true}}', NULL, '2', '2012-08-23 19:14:57'),
	('5036ab61-9558-4082-b17c-3bec5dbd255d', 'CREATE', 'Patient', '5036ab61-8b0c-437b-944f-3bec5dbd255d', '{"Patient":{"id":"5036ab61-8b0c-437b-944f-3bec5dbd255d","iniciales":"FP","fecha_nacimiento":"10\\/08\\/1954","sexo":"F","address_particular_id":"62","address_laboral_id":null,"nro_documento":"30249b1cf24b06fc9e88e50a4502f5db1a3269380454219b3b70605536364f3b","created":"2012-08-23 19:14:57","modified":"2012-08-23 19:14:57","edad":"58"}}', NULL, '2', '2012-08-23 19:14:57'),
	('5036ab61-a380-4187-86c8-3bec5dbd255d', 'CREATE', 'Answer', '121', '{"Answer":{"id":"121","patient_id":"5036ab61-8b0c-437b-944f-3bec5dbd255d","question_id":"3","valor":true}}', NULL, '2', '2012-08-23 19:14:57'),
	('5036ab61-b1c4-4d7d-8b9f-3bec5dbd255d', 'CREATE', 'Answer', '123', '{"Answer":{"id":"123","patient_id":"5036ab61-8b0c-437b-944f-3bec5dbd255d","question_id":"6","valor":false}}', NULL, '2', '2012-08-23 19:14:57'),
	('5036ab61-b7b8-4c95-aa18-3bec5dbd255d', 'CREATE', 'Answer', '122', '{"Answer":{"id":"122","patient_id":"5036ab61-8b0c-437b-944f-3bec5dbd255d","question_id":"4","valor":true}}', NULL, '2', '2012-08-23 19:14:57'),
	('5036abc5-72fc-47cd-bb65-3bf45dbd255d', 'CREATE', 'OmsRegister', '40', '{"OmsRegister":{"id":"40","patient_id":"5036ab61-8b0c-437b-944f-3bec5dbd255d","medic_id":"2","address_part_id":"62","address_lab_id":null,"oms_code_id":"110","estadio":"2","fecha":"02\\/05\\/2009"}}', NULL, '2', '2012-08-23 19:16:37'),
	('5036abc6-17a4-4f6c-85ca-3cb45dbd255d', 'CREATE', 'Answer', '127', '{"Answer":{"id":"127","patient_id":"5036abc6-f424-49db-942b-3cb45dbd255d","question_id":"4","valor":true}}', NULL, '2', '2012-08-23 19:16:38'),
	('5036abc6-447c-4053-bd9e-3cb45dbd255d', 'CREATE', 'Patient', '5036abc6-f424-49db-942b-3cb45dbd255d', '{"Patient":{"id":"5036abc6-f424-49db-942b-3cb45dbd255d","iniciales":"Cv","fecha_nacimiento":"02\\/06\\/1979","sexo":"F","address_particular_id":"63","address_laboral_id":null,"nro_documento":"db7ade0b458005d06d9188c9bc70c82615ce9d900824c5bba5ee6b3ad0c847bc","created":"2012-08-23 19:16:38","modified":"2012-08-23 19:16:38","edad":"33"}}', NULL, '2', '2012-08-23 19:16:38'),
	('5036abc6-5678-415b-8a53-3cb45dbd255d', 'CREATE', 'Answer', '128', '{"Answer":{"id":"128","patient_id":"5036abc6-f424-49db-942b-3cb45dbd255d","question_id":"6","valor":false}}', NULL, '2', '2012-08-23 19:16:38'),
	('5036abc6-699c-490e-b2cd-3cb45dbd255d', 'CREATE', 'Answer', '124', '{"Answer":{"id":"124","patient_id":"5036abc6-f424-49db-942b-3cb45dbd255d","question_id":"1","valor":true}}', NULL, '2', '2012-08-23 19:16:38'),
	('5036abc6-9d10-4104-b6cd-3cb45dbd255d', 'CREATE', 'Primary', '63', '{"Primary":{"id":"63","city_id":"1","latitud":"-38.7046766","longitud":"-62.2163407","direccion":"Pilmaiqu\\u00e9n 1500"}}', NULL, '2', '2012-08-23 19:16:38'),
	('5036abc6-a67c-48c0-88c4-3cb45dbd255d', 'CREATE', 'Answer', '125', '{"Answer":{"id":"125","patient_id":"5036abc6-f424-49db-942b-3cb45dbd255d","question_id":"2","valor":true}}', NULL, '2', '2012-08-23 19:16:38'),
	('5036abc6-e550-49e8-a3d8-3cb45dbd255d', 'CREATE', 'Answer', '126', '{"Answer":{"id":"126","patient_id":"5036abc6-f424-49db-942b-3cb45dbd255d","question_id":"3","valor":true}}', NULL, '2', '2012-08-23 19:16:38'),
	('5036ac0c-4848-456c-bee1-3d045dbd255d', 'CREATE', 'Answer', '129', '{"Answer":{"id":"129","patient_id":"5036ac0c-73d0-4d07-a004-3d045dbd255d","question_id":"1","valor":true}}', NULL, '2', '2012-08-23 19:17:48'),
	('5036ac0c-4cc4-46de-8abf-3d045dbd255d', 'CREATE', 'Answer', '130', '{"Answer":{"id":"130","patient_id":"5036ac0c-73d0-4d07-a004-3d045dbd255d","question_id":"2","valor":true}}', NULL, '2', '2012-08-23 19:17:48'),
	('5036ac0c-5c94-4e0f-9f14-3d045dbd255d', 'CREATE', 'Answer', '131', '{"Answer":{"id":"131","patient_id":"5036ac0c-73d0-4d07-a004-3d045dbd255d","question_id":"3","valor":true}}', NULL, '2', '2012-08-23 19:17:48'),
	('5036ac0c-a704-4e6e-b6e6-3d045dbd255d', 'CREATE', 'Primary', '64', '{"Primary":{"id":"64","city_id":"1","latitud":"-38.7046766","longitud":"-62.2163407","direccion":"Pilmaiqu\\u00e9n 1500"}}', NULL, '2', '2012-08-23 19:17:48'),
	('5036ac0c-d960-4d5e-badd-3d045dbd255d', 'CREATE', 'Answer', '132', '{"Answer":{"id":"132","patient_id":"5036ac0c-73d0-4d07-a004-3d045dbd255d","question_id":"4","valor":true}}', NULL, '2', '2012-08-23 19:17:48'),
	('5036ac0c-fc70-47a1-999c-3d045dbd255d', 'CREATE', 'Answer', '133', '{"Answer":{"id":"133","patient_id":"5036ac0c-73d0-4d07-a004-3d045dbd255d","question_id":"6","valor":false}}', NULL, '2', '2012-08-23 19:17:48'),
	('5036ac0c-fdb0-463c-afb3-3d045dbd255d', 'CREATE', 'Patient', '5036ac0c-73d0-4d07-a004-3d045dbd255d', '{"Patient":{"id":"5036ac0c-73d0-4d07-a004-3d045dbd255d","iniciales":"Cv","fecha_nacimiento":"02\\/06\\/1979","sexo":"M","address_particular_id":"64","address_laboral_id":null,"nro_documento":"b89c498296f12147ea93761aa50066757aa22c1ae0d49201d89c63a4613be5fe","created":"2012-08-23 19:17:48","modified":"2012-08-23 19:17:48","edad":"33"}}', NULL, '2', '2012-08-23 19:17:48'),
	('5036acab-48b0-45cf-973b-3d865dbd255d', 'CREATE', 'OmsRegister', '41', '{"OmsRegister":{"id":"41","patient_id":"5036ac0c-73d0-4d07-a004-3d045dbd255d","medic_id":"1","address_part_id":"64","address_lab_id":"65","oms_code_id":"110","estadio":"4","fecha":"23\\/08\\/2012"}}', NULL, '2', '2012-08-23 19:20:27'),
	('5036acab-e760-4599-ae04-3d865dbd255d', 'CREATE', 'Secondary', '65', '{"Secondary":{"id":"65","city_id":"1","latitud":"-38.7130653","longitud":"-62.2276952","direccion":"14 de Julio 2500"}}', NULL, '2', '2012-08-23 19:20:27'),
	('50395dc4-1618-4390-a25c-41ae5dbd255d', 'CREATE', 'Answer', '137', '{"Answer":{"id":"137","patient_id":"50395dc4-c6d0-4ad5-8d86-41ae5dbd255d","question_id":"4","valor":false}}', NULL, '2', '2012-08-25 20:20:36'),
	('50395dc4-25d4-45b8-bb0b-41ae5dbd255d', 'CREATE', 'Answer', '134', '{"Answer":{"id":"134","patient_id":"50395dc4-c6d0-4ad5-8d86-41ae5dbd255d","question_id":"1","valor":true}}', NULL, '2', '2012-08-25 20:20:36'),
	('50395dc4-2604-431c-a182-41ae5dbd255d', 'CREATE', 'Patient', '50395dc4-c6d0-4ad5-8d86-41ae5dbd255d', '{"Patient":{"id":"50395dc4-c6d0-4ad5-8d86-41ae5dbd255d","iniciales":"k.g","fecha_nacimiento":"12\\/07\\/1970","sexo":"M","address_particular_id":"66","address_laboral_id":"67","nro_documento":"84fc4be1d1524260d7326dd80c3d70d4be1b86bb65ce6d779936dea6b3404693","created":"2012-08-25 20:20:36","modified":"2012-08-25 20:20:36","edad":"42"}}', NULL, '2', '2012-08-25 20:20:36'),
	('50395dc4-3c90-4621-b0bc-41ae5dbd255d', 'CREATE', 'Answer', '138', '{"Answer":{"id":"138","patient_id":"50395dc4-c6d0-4ad5-8d86-41ae5dbd255d","question_id":"6","valor":false}}', NULL, '2', '2012-08-25 20:20:36'),
	('50395dc4-6578-42e1-bba6-41ae5dbd255d', 'CREATE', 'Secondary', '67', '{"Secondary":{"id":"67","city_id":"1","latitud":"-38.726921","longitud":"-62.2552265","direccion":"Chiclana 1000"}}', NULL, '2', '2012-08-25 20:20:36'),
	('50395dc4-7320-444c-8f6c-41ae5dbd255d', 'CREATE', 'Answer', '136', '{"Answer":{"id":"136","patient_id":"50395dc4-c6d0-4ad5-8d86-41ae5dbd255d","question_id":"3","valor":true}}', NULL, '2', '2012-08-25 20:20:36'),
	('50395dc4-d3b4-4404-bdd7-41ae5dbd255d', 'CREATE', 'Answer', '135', '{"Answer":{"id":"135","patient_id":"50395dc4-c6d0-4ad5-8d86-41ae5dbd255d","question_id":"2","valor":true}}', NULL, '2', '2012-08-25 20:20:36'),
	('50395dc4-ebe4-4e33-90ad-41ae5dbd255d', 'CREATE', 'Primary', '66', '{"Primary":{"id":"66","city_id":"1","latitud":"-38.7143704","longitud":"-62.2636414","direccion":"Alvarado 100"}}', NULL, '2', '2012-08-25 20:20:36'),
	('50395dfa-9304-4925-bfa9-416f5dbd255d', 'CREATE', 'OmsRegister', '42', '{"OmsRegister":{"id":"42","patient_id":"50395dc4-c6d0-4ad5-8d86-41ae5dbd255d","medic_id":"1","address_part_id":"66","address_lab_id":"67","oms_code_id":"65","estadio":"0","fecha":"22\\/04\\/2012"}}', NULL, '2', '2012-08-25 20:21:30'),
	('50395ef4-47e8-4371-ba07-41e85dbd255d', 'CREATE', 'Answer', '143', '{"Answer":{"id":"143","patient_id":"50395ef4-de54-4651-9984-41e85dbd255d","question_id":"6","valor":false}}', NULL, '2', '2012-08-25 20:25:40'),
	('50395ef4-5804-4ae6-b908-41e85dbd255d', 'CREATE', 'Answer', '142', '{"Answer":{"id":"142","patient_id":"50395ef4-de54-4651-9984-41e85dbd255d","question_id":"4","valor":true}}', NULL, '2', '2012-08-25 20:25:40'),
	('50395ef4-6ccc-4bf8-a28d-41e85dbd255d', 'CREATE', 'Patient', '50395ef4-de54-4651-9984-41e85dbd255d', '{"Patient":{"id":"50395ef4-de54-4651-9984-41e85dbd255d","iniciales":"L.N","fecha_nacimiento":"14\\/05\\/1960","sexo":"F","address_particular_id":"68","address_laboral_id":"69","nro_documento":"b5c43998232a1dfa2832d39595305d9f57def7e31c4afa7796bafa7b8a6db38d","created":"2012-08-25 20:25:40","modified":"2012-08-25 20:25:40","edad":"52"}}', NULL, '2', '2012-08-25 20:25:40'),
	('50395ef4-8024-42c9-8a3a-41e85dbd255d', 'CREATE', 'Answer', '139', '{"Answer":{"id":"139","patient_id":"50395ef4-de54-4651-9984-41e85dbd255d","question_id":"1","valor":false}}', NULL, '2', '2012-08-25 20:25:40'),
	('50395ef4-8378-4da2-a9da-41e85dbd255d', 'CREATE', 'Answer', '141', '{"Answer":{"id":"141","patient_id":"50395ef4-de54-4651-9984-41e85dbd255d","question_id":"3","valor":true}}', NULL, '2', '2012-08-25 20:25:40'),
	('50395ef4-8458-40bd-bc82-41e85dbd255d', 'CREATE', 'Answer', '140', '{"Answer":{"id":"140","patient_id":"50395ef4-de54-4651-9984-41e85dbd255d","question_id":"2","valor":false}}', NULL, '2', '2012-08-25 20:25:40'),
	('50395ef4-87ec-4857-b510-41e85dbd255d', 'CREATE', 'Secondary', '69', '{"Secondary":{"id":"69","city_id":"1","latitud":"-38.7207915","longitud":"-62.2632134","direccion":"Chiclana 300"}}', NULL, '2', '2012-08-25 20:25:40'),
	('50395ef4-c1d4-487f-93ed-41e85dbd255d', 'CREATE', 'Primary', '68', '{"Primary":{"id":"68","city_id":"1","latitud":"-38.7251145","longitud":"-62.2662187","direccion":"Espa\\u00f1a 300"}}', NULL, '2', '2012-08-25 20:25:40'),
	('50395f14-01b8-4df3-bac5-41ba5dbd255d', 'CREATE', 'OmsRegister', '43', '{"OmsRegister":{"id":"43","patient_id":"50395ef4-de54-4651-9984-41e85dbd255d","medic_id":"1","address_part_id":"68","address_lab_id":"69","oms_code_id":"158","estadio":"0","fecha":"25\\/08\\/2012"}}', NULL, '2', '2012-08-25 20:26:12'),
	('50395fcf-2ed4-4e07-b80e-42b35dbd255d', 'CREATE', 'Answer', '146', '{"Answer":{"id":"146","patient_id":"50395fcf-df84-4b5a-a515-42b35dbd255d","question_id":"3","valor":true}}', NULL, '2', '2012-08-25 20:29:19'),
	('50395fcf-5eb8-4098-9bca-42b35dbd255d', 'CREATE', 'Patient', '50395fcf-df84-4b5a-a515-42b35dbd255d', '{"Patient":{"id":"50395fcf-df84-4b5a-a515-42b35dbd255d","iniciales":"G.B","fecha_nacimiento":"14\\/03\\/1950","sexo":"F","address_particular_id":"70","address_laboral_id":"71","nro_documento":"8c262529b5808e074d9a599e13426c007363e1fa6e80d7a67dad7335b3d9f759","created":"2012-08-25 20:29:19","modified":"2012-08-25 20:29:19","edad":"62"}}', NULL, '2', '2012-08-25 20:29:19'),
	('50395fcf-7790-4acb-bb3b-42b35dbd255d', 'CREATE', 'Primary', '70', '{"Primary":{"id":"70","city_id":"1","latitud":"-38.7153068","longitud":"-62.2669225","direccion":"Rodr\\u00edguez 100"}}', NULL, '2', '2012-08-25 20:29:19'),
	('50395fcf-7c20-41f3-ac27-42b35dbd255d', 'CREATE', 'Answer', '148', '{"Answer":{"id":"148","patient_id":"50395fcf-df84-4b5a-a515-42b35dbd255d","question_id":"6","valor":true}}', NULL, '2', '2012-08-25 20:29:19'),
	('50395fcf-8d10-4e94-baa6-42b35dbd255d', 'CREATE', 'Answer', '145', '{"Answer":{"id":"145","patient_id":"50395fcf-df84-4b5a-a515-42b35dbd255d","question_id":"2","valor":false}}', NULL, '2', '2012-08-25 20:29:19'),
	('50395fcf-a878-423e-8c7c-42b35dbd255d', 'CREATE', 'Secondary', '71', '{"Secondary":{"id":"71","city_id":"1","latitud":"-38.7279602","longitud":"-62.2803674","direccion":"Moreno 1000"}}', NULL, '2', '2012-08-25 20:29:19'),
	('50395fcf-e69c-4e0c-8c66-42b35dbd255d', 'CREATE', 'Answer', '144', '{"Answer":{"id":"144","patient_id":"50395fcf-df84-4b5a-a515-42b35dbd255d","question_id":"1","valor":true}}', NULL, '2', '2012-08-25 20:29:19'),
	('50395fcf-ede4-4cc3-8bdc-42b35dbd255d', 'CREATE', 'Answer', '147', '{"Answer":{"id":"147","patient_id":"50395fcf-df84-4b5a-a515-42b35dbd255d","question_id":"4","valor":false}}', NULL, '2', '2012-08-25 20:29:19'),
	('50395ff0-d730-4fdb-a5f5-425a5dbd255d', 'CREATE', 'OmsRegister', '44', '{"OmsRegister":{"id":"44","patient_id":"50395fcf-df84-4b5a-a515-42b35dbd255d","medic_id":"1","address_part_id":"70","address_lab_id":"71","oms_code_id":"104","estadio":"0","fecha":"25\\/08\\/2012"}}', NULL, '2', '2012-08-25 20:29:52'),
	('5039606c-0f4c-4ebe-b53f-432f5dbd255d', 'CREATE', 'Answer', '150', '{"Answer":{"id":"150","patient_id":"5039606c-9f90-4d7f-bf85-432f5dbd255d","question_id":"3","valor":true}}', NULL, '2', '2012-08-25 20:31:56'),
	('5039606c-4f70-4723-a860-432f5dbd255d', 'CREATE', 'Primary', '72', '{"Primary":{"id":"72","city_id":"1","latitud":"-38.7064321","longitud":"-62.2759856","direccion":"Mitre 1100"}}', NULL, '2', '2012-08-25 20:31:56'),
	('5039606c-69e4-4939-b48f-432f5dbd255d', 'CREATE', 'Patient', '5039606c-9f90-4d7f-bf85-432f5dbd255d', '{"Patient":{"id":"5039606c-9f90-4d7f-bf85-432f5dbd255d","iniciales":"F.D","fecha_nacimiento":"13\\/08\\/1980","sexo":"F","address_particular_id":"72","address_laboral_id":"73","nro_documento":"94f125434519100de5e7a001e89620d028e3ff723bbef92e985018682fee3787","created":"2012-08-25 20:31:56","modified":"2012-08-25 20:31:56","edad":"32"}}', NULL, '2', '2012-08-25 20:31:56'),
	('5039606c-8314-4502-8809-432f5dbd255d', 'CREATE', 'Secondary', '73', '{"Secondary":{"id":"73","city_id":"1","latitud":"-38.6911443","longitud":"-62.281786","direccion":"Av Alem 2300"}}', NULL, '2', '2012-08-25 20:31:56'),
	('5039606c-adc4-47f4-b966-432f5dbd255d', 'CREATE', 'Answer', '152', '{"Answer":{"id":"152","patient_id":"5039606c-9f90-4d7f-bf85-432f5dbd255d","question_id":"6","valor":true}}', NULL, '2', '2012-08-25 20:31:56'),
	('5039606c-c3b4-475f-848b-432f5dbd255d', 'CREATE', 'Answer', '151', '{"Answer":{"id":"151","patient_id":"5039606c-9f90-4d7f-bf85-432f5dbd255d","question_id":"4","valor":false}}', NULL, '2', '2012-08-25 20:31:56'),
	('5039606c-cbec-40f1-ad01-432f5dbd255d', 'CREATE', 'Answer', '149', '{"Answer":{"id":"149","patient_id":"5039606c-9f90-4d7f-bf85-432f5dbd255d","question_id":"1","valor":false}}', NULL, '2', '2012-08-25 20:31:56'),
	('50396095-2798-496c-a8b8-425a5dbd255d', 'CREATE', 'OmsRegister', '45', '{"OmsRegister":{"id":"45","patient_id":"5039606c-9f90-4d7f-bf85-432f5dbd255d","medic_id":"1","address_part_id":"72","address_lab_id":"73","oms_code_id":"106","estadio":"2","fecha":"25\\/08\\/2012"}}', NULL, '2', '2012-08-25 20:32:37'),
	('50396190-1434-4ca7-aa2d-43305dbd255d', 'CREATE', 'Answer', '154', '{"Answer":{"id":"154","patient_id":"50396190-d844-44fc-9ff0-43305dbd255d","question_id":"3","valor":true}}', NULL, '2', '2012-08-25 20:36:48'),
	('50396190-5028-4197-8275-43305dbd255d', 'CREATE', 'Answer', '153', '{"Answer":{"id":"153","patient_id":"50396190-d844-44fc-9ff0-43305dbd255d","question_id":"1","valor":false}}', NULL, '2', '2012-08-25 20:36:48'),
	('50396190-71f4-4009-b66f-43305dbd255d', 'CREATE', 'Secondary', '75', '{"Secondary":{"id":"75","city_id":"1","latitud":"-38.7260997","longitud":"-62.2562893","direccion":"Chiclana 900"}}', NULL, '2', '2012-08-25 20:36:48'),
	('50396190-a0e4-4234-8115-43305dbd255d', 'CREATE', 'Primary', '74', '{"Primary":{"id":"74","city_id":"1","latitud":"-38.7144347","longitud":"-62.2680479","direccion":"Zelarray\\u00e1n 300"}}', NULL, '2', '2012-08-25 20:36:48'),
	('50396190-ad64-46cf-8bfc-43305dbd255d', 'CREATE', 'Patient', '50396190-d844-44fc-9ff0-43305dbd255d', '{"Patient":{"id":"50396190-d844-44fc-9ff0-43305dbd255d","iniciales":"D.J","fecha_nacimiento":"25\\/09\\/1958","sexo":"F","address_particular_id":"74","address_laboral_id":"75","nro_documento":"b8137658ab371449a79153fec7b02d20776055dc1e8a6d37070868ce0f38cc2b","created":"2012-08-25 20:36:48","modified":"2012-08-25 20:36:48","edad":"53"}}', NULL, '2', '2012-08-25 20:36:48'),
	('50396190-b024-489d-bd24-43305dbd255d', 'CREATE', 'Answer', '155', '{"Answer":{"id":"155","patient_id":"50396190-d844-44fc-9ff0-43305dbd255d","question_id":"4","valor":false}}', NULL, '2', '2012-08-25 20:36:48'),
	('50396190-e2dc-4db9-a159-43305dbd255d', 'CREATE', 'Answer', '156', '{"Answer":{"id":"156","patient_id":"50396190-d844-44fc-9ff0-43305dbd255d","question_id":"6","valor":false}}', NULL, '2', '2012-08-25 20:36:48'),
	('503961c4-c1e4-4d5d-9133-43305dbd255d', 'CREATE', 'OmsRegister', '46', '{"OmsRegister":{"id":"46","patient_id":"50396190-d844-44fc-9ff0-43305dbd255d","medic_id":"1","address_part_id":"74","address_lab_id":"75","oms_code_id":"38","estadio":"1","fecha":"25\\/08\\/2012"}}', NULL, '2', '2012-08-25 20:37:40'),
	('50396248-0674-43b2-893e-43e75dbd255d', 'CREATE', 'Answer', '161', '{"Answer":{"id":"161","patient_id":"50396248-9114-4cb0-b8a6-43e75dbd255d","question_id":"6","valor":true}}', NULL, '2', '2012-08-25 20:39:52'),
	('50396248-08e0-4c61-9b87-43e75dbd255d', 'CREATE', 'Answer', '159', '{"Answer":{"id":"159","patient_id":"50396248-9114-4cb0-b8a6-43e75dbd255d","question_id":"3","valor":true}}', NULL, '2', '2012-08-25 20:39:52'),
	('50396248-2bbc-4239-996a-43e75dbd255d', 'CREATE', 'Answer', '158', '{"Answer":{"id":"158","patient_id":"50396248-9114-4cb0-b8a6-43e75dbd255d","question_id":"2","valor":true}}', NULL, '2', '2012-08-25 20:39:52'),
	('50396248-346c-4c63-9a7c-43e75dbd255d', 'CREATE', 'Answer', '157', '{"Answer":{"id":"157","patient_id":"50396248-9114-4cb0-b8a6-43e75dbd255d","question_id":"1","valor":true}}', NULL, '2', '2012-08-25 20:39:52'),
	('50396248-a02c-4c0d-bd9e-43e75dbd255d', 'CREATE', 'Patient', '50396248-9114-4cb0-b8a6-43e75dbd255d', '{"Patient":{"id":"50396248-9114-4cb0-b8a6-43e75dbd255d","iniciales":"S.U","fecha_nacimiento":"05\\/08\\/1960","sexo":"F","address_particular_id":"76","address_laboral_id":null,"nro_documento":"1e26ebe3b9f4214c48dfff6222f21f810f16b87a6735bb2786104c30f7feafb0","created":"2012-08-25 20:39:52","modified":"2012-08-25 20:39:52","edad":"52"}}', NULL, '2', '2012-08-25 20:39:52'),
	('50396248-d858-4fab-8e1f-43e75dbd255d', 'CREATE', 'Primary', '76', '{"Primary":{"id":"76","city_id":"1","latitud":"-38.7092352","longitud":"-62.2675432","direccion":"Zapiola 600"}}', NULL, '2', '2012-08-25 20:39:52'),
	('50396248-f090-40d3-90dd-43e75dbd255d', 'CREATE', 'Answer', '160', '{"Answer":{"id":"160","patient_id":"50396248-9114-4cb0-b8a6-43e75dbd255d","question_id":"4","valor":true}}', NULL, '2', '2012-08-25 20:39:52'),
	('503962d8-d09c-4014-b89b-44455dbd255d', 'CREATE', 'OmsRegister', '47', '{"OmsRegister":{"id":"47","patient_id":"50396248-9114-4cb0-b8a6-43e75dbd255d","medic_id":"1","address_part_id":"76","address_lab_id":null,"oms_code_id":"122","estadio":"3","fecha":"25\\/08\\/2012"}}', NULL, '2', '2012-08-25 20:42:16'),
	('5039632e-1868-4249-be84-443a5dbd255d', 'CREATE', 'Answer', '162', '{"Answer":{"id":"162","patient_id":"5039632e-e46c-48d8-ac55-443a5dbd255d","question_id":"1","valor":true}}', NULL, '2', '2012-08-25 20:43:42'),
	('5039632e-74cc-4e7a-b20a-443a5dbd255d', 'CREATE', 'Primary', '77', '{"Primary":{"id":"77","city_id":"1","latitud":"-38.6965027","longitud":"-62.2857666","direccion":"Nicaragua"}}', NULL, '2', '2012-08-25 20:43:42'),
	('5039632e-80f0-482d-914a-443a5dbd255d', 'CREATE', 'Patient', '5039632e-e46c-48d8-ac55-443a5dbd255d', '{"Patient":{"id":"5039632e-e46c-48d8-ac55-443a5dbd255d","iniciales":"H.F","fecha_nacimiento":"15\\/06\\/1961","sexo":"F","address_particular_id":"77","address_laboral_id":"78","nro_documento":"7c569d145761ed05caa2d0f6beb00326fed226391888ce74296a742b8230cadd","created":"2012-08-25 20:43:42","modified":"2012-08-25 20:43:42","edad":"51"}}', NULL, '2', '2012-08-25 20:43:42'),
	('5039632e-aacc-4de2-91b0-443a5dbd255d', 'CREATE', 'Answer', '164', '{"Answer":{"id":"164","patient_id":"5039632e-e46c-48d8-ac55-443a5dbd255d","question_id":"6","valor":true}}', NULL, '2', '2012-08-25 20:43:42'),
	('5039632e-db8c-4254-8d47-443a5dbd255d', 'CREATE', 'Answer', '163', '{"Answer":{"id":"163","patient_id":"5039632e-e46c-48d8-ac55-443a5dbd255d","question_id":"3","valor":true}}', NULL, '2', '2012-08-25 20:43:42'),
	('5039632e-e410-4358-a29b-443a5dbd255d', 'CREATE', 'Secondary', '78', '{"Secondary":{"id":"78","city_id":"1","latitud":"-38.71931","longitud":"-62.2762042","direccion":"Viamonte 400"}}', NULL, '2', '2012-08-25 20:43:42'),
	('50396352-35b0-4e54-81b1-443a5dbd255d', 'CREATE', 'OmsRegister', '48', '{"OmsRegister":{"id":"48","patient_id":"5039632e-e46c-48d8-ac55-443a5dbd255d","medic_id":"1","address_part_id":"77","address_lab_id":"78","oms_code_id":"103","estadio":"4","fecha":"25\\/08\\/2012"}}', NULL, '2', '2012-08-25 20:44:18'),
	('50396392-27a0-472b-86f1-44585dbd255d', 'CREATE', 'Answer', '167', '{"Answer":{"id":"167","patient_id":"50396392-0510-4339-b25e-44585dbd255d","question_id":"3","valor":true}}', NULL, '2', '2012-08-25 20:45:22'),
	('50396392-7930-451c-933f-44585dbd255d', 'CREATE', 'Answer', '166', '{"Answer":{"id":"166","patient_id":"50396392-0510-4339-b25e-44585dbd255d","question_id":"2","valor":true}}', NULL, '2', '2012-08-25 20:45:22'),
	('50396392-7ca4-4260-90f4-44585dbd255d', 'CREATE', 'Primary', '79', '{"Primary":{"id":"79","city_id":"1","latitud":"-38.7134622","longitud":"-62.2668955","direccion":"Mitre 300"}}', NULL, '2', '2012-08-25 20:45:22'),
	('50396392-8354-44df-97e4-44585dbd255d', 'CREATE', 'Answer', '169', '{"Answer":{"id":"169","patient_id":"50396392-0510-4339-b25e-44585dbd255d","question_id":"6","valor":false}}', NULL, '2', '2012-08-25 20:45:22'),
	('50396392-88cc-4a56-9741-44585dbd255d', 'CREATE', 'Secondary', '80', '{"Secondary":{"id":"80","city_id":"1","latitud":"-38.7260997","longitud":"-62.2562893","direccion":"Chiclana 900"}}', NULL, '2', '2012-08-25 20:45:22'),
	('50396392-c6d8-4a2b-aa08-44585dbd255d', 'CREATE', 'Answer', '165', '{"Answer":{"id":"165","patient_id":"50396392-0510-4339-b25e-44585dbd255d","question_id":"1","valor":true}}', NULL, '2', '2012-08-25 20:45:22'),
	('50396392-d5ec-42a1-a5db-44585dbd255d', 'CREATE', 'Patient', '50396392-0510-4339-b25e-44585dbd255d', '{"Patient":{"id":"50396392-0510-4339-b25e-44585dbd255d","iniciales":"T.I","fecha_nacimiento":"06\\/08\\/1955","sexo":"F","address_particular_id":"79","address_laboral_id":"80","nro_documento":"25ce54d9e54e1b48e4e2c807ae7c188e04f25fcb5d02f74dff8078f23c0a4ae6","created":"2012-08-25 20:45:22","modified":"2012-08-25 20:45:22","edad":"57"}}', NULL, '2', '2012-08-25 20:45:22'),
	('50396392-d868-4c4e-97c0-44585dbd255d', 'CREATE', 'Answer', '168', '{"Answer":{"id":"168","patient_id":"50396392-0510-4339-b25e-44585dbd255d","question_id":"4","valor":true}}', NULL, '2', '2012-08-25 20:45:22'),
	('503963b4-265c-4fbc-80ff-44775dbd255d', 'CREATE', 'OmsRegister', '49', '{"OmsRegister":{"id":"49","patient_id":"50396392-0510-4339-b25e-44585dbd255d","medic_id":"1","address_part_id":"79","address_lab_id":"80","oms_code_id":"71","estadio":"2","fecha":"25\\/08\\/2012"}}', NULL, '2', '2012-08-25 20:45:56'),
	('50396422-3038-47cd-963b-44ba5dbd255d', 'CREATE', 'Answer', '172', '{"Answer":{"id":"172","patient_id":"50396422-0258-4417-bd87-44ba5dbd255d","question_id":"3","valor":false}}', NULL, '2', '2012-08-25 20:47:46'),
	('50396422-3e18-44f6-ad89-44ba5dbd255d', 'CREATE', 'Primary', '81', '{"Primary":{"id":"81","city_id":"1","latitud":"-38.7043783","longitud":"-62.2846498","direccion":"Estomba 1600"}}', NULL, '2', '2012-08-25 20:47:46'),
	('50396422-a0ac-4095-a9fb-44ba5dbd255d', 'CREATE', 'Patient', '50396422-0258-4417-bd87-44ba5dbd255d', '{"Patient":{"id":"50396422-0258-4417-bd87-44ba5dbd255d","iniciales":"S.H","fecha_nacimiento":"14\\/05\\/1962","sexo":"F","address_particular_id":"81","address_laboral_id":"82","nro_documento":"385618243e9a21090dd4da84cc158a6569122820d01c26743a41c2e09503d1ab","created":"2012-08-25 20:47:46","modified":"2012-08-25 20:47:46","edad":"50"}}', NULL, '2', '2012-08-25 20:47:46'),
	('50396422-c814-42e8-ab1c-44ba5dbd255d', 'CREATE', 'Answer', '174', '{"Answer":{"id":"174","patient_id":"50396422-0258-4417-bd87-44ba5dbd255d","question_id":"6","valor":false}}', NULL, '2', '2012-08-25 20:47:46'),
	('50396422-e6d4-4d37-b726-44ba5dbd255d', 'CREATE', 'Answer', '170', '{"Answer":{"id":"170","patient_id":"50396422-0258-4417-bd87-44ba5dbd255d","question_id":"1","valor":true}}', NULL, '2', '2012-08-25 20:47:46'),
	('50396422-e72c-4704-be80-44ba5dbd255d', 'CREATE', 'Secondary', '82', '{"Secondary":{"id":"82","city_id":"1","latitud":"-38.6986055","longitud":"-62.2730835","direccion":"Av Alem 1500"}}', NULL, '2', '2012-08-25 20:47:46'),
	('50396422-f7e4-4551-b168-44ba5dbd255d', 'CREATE', 'Answer', '171', '{"Answer":{"id":"171","patient_id":"50396422-0258-4417-bd87-44ba5dbd255d","question_id":"2","valor":true}}', NULL, '2', '2012-08-25 20:47:46'),
	('50396422-ff78-4f84-b952-44ba5dbd255d', 'CREATE', 'Answer', '173', '{"Answer":{"id":"173","patient_id":"50396422-0258-4417-bd87-44ba5dbd255d","question_id":"4","valor":false}}', NULL, '2', '2012-08-25 20:47:46'),
	('50396439-5bdc-4a62-9345-44cf5dbd255d', 'CREATE', 'OmsRegister', '50', '{"OmsRegister":{"id":"50","patient_id":"50396422-0258-4417-bd87-44ba5dbd255d","medic_id":"1","address_part_id":"81","address_lab_id":"82","oms_code_id":"80","estadio":"2","fecha":"25\\/08\\/2012"}}', NULL, '2', '2012-08-25 20:48:09'),
	('503ab937-071c-4c85-a8c9-36f45dbd255d', 'CREATE', 'Answer', '177', '{"Answer":{"id":"177","patient_id":"503ab937-cf58-447f-b181-36f45dbd255d","question_id":"3","valor":false}}', NULL, '2', '2012-08-26 21:03:03'),
	('503ab937-1b20-413b-bcba-36f45dbd255d', 'CREATE', 'Answer', '176', '{"Answer":{"id":"176","patient_id":"503ab937-cf58-447f-b181-36f45dbd255d","question_id":"2","valor":false}}', NULL, '2', '2012-08-26 21:03:03'),
	('503ab937-2f88-46ec-87a0-36f45dbd255d', 'CREATE', 'Answer', '175', '{"Answer":{"id":"175","patient_id":"503ab937-cf58-447f-b181-36f45dbd255d","question_id":"1","valor":false}}', NULL, '2', '2012-08-26 21:03:03'),
	('503ab937-4fa0-431f-af2e-36f45dbd255d', 'CREATE', 'Primary', '83', '{"Primary":{"id":"83","city_id":"1","latitud":"-38.7210212","longitud":"-62.2828011","direccion":"Patricios 800"}}', NULL, '2', '2012-08-26 21:03:03'),
	('503ab937-69ec-4ad6-b260-36f45dbd255d', 'CREATE', 'Patient', '503ab937-cf58-447f-b181-36f45dbd255d', '{"Patient":{"id":"503ab937-cf58-447f-b181-36f45dbd255d","iniciales":"PL","fecha_nacimiento":"16\\/02\\/1934","sexo":"M","address_particular_id":"83","address_laboral_id":"84","nro_documento":"a1d29743426502d8b712e569eb9a12a255ad4788d6e0620f06c7e72633cbda71","created":"2012-08-26 21:03:03","modified":"2012-08-26 21:03:03","edad":"78"}}', NULL, '2', '2012-08-26 21:03:03'),
	('503ab937-8cdc-4596-a12b-36f45dbd255d', 'CREATE', 'Secondary', '84', '{"Secondary":{"id":"84","city_id":"1","latitud":"-38.7469297","longitud":"-62.2423174","direccion":"Thompson 3700"}}', NULL, '2', '2012-08-26 21:03:03'),
	('503ab937-fa84-4fd8-a2c5-36f45dbd255d', 'CREATE', 'Answer', '178', '{"Answer":{"id":"178","patient_id":"503ab937-cf58-447f-b181-36f45dbd255d","question_id":"6","valor":false}}', NULL, '2', '2012-08-26 21:03:03'),
	('503ab953-734c-4cd5-ad9d-37a15dbd255d', 'CREATE', 'OmsRegister', '51', '{"OmsRegister":{"id":"51","patient_id":"503ab937-cf58-447f-b181-36f45dbd255d","medic_id":"1","address_part_id":"83","address_lab_id":"84","oms_code_id":"122","estadio":"2","fecha":"26\\/08\\/2012"}}', NULL, '2', '2012-08-26 21:03:31'),
	('503ab9a8-43e8-478a-80d2-37a05dbd255d', 'CREATE', 'Answer', '181', '{"Answer":{"id":"181","patient_id":"503ab9a8-1bc4-4602-84ac-37a05dbd255d","question_id":"3","valor":false}}', NULL, '2', '2012-08-26 21:04:56'),
	('503ab9a8-51ac-4f7d-8cc6-37a05dbd255d', 'CREATE', 'Answer', '180', '{"Answer":{"id":"180","patient_id":"503ab9a8-1bc4-4602-84ac-37a05dbd255d","question_id":"2","valor":false}}', NULL, '2', '2012-08-26 21:04:56'),
	('503ab9a8-55dc-445f-9afe-37a05dbd255d', 'CREATE', 'Patient', '503ab9a8-1bc4-4602-84ac-37a05dbd255d', '{"Patient":{"id":"503ab9a8-1bc4-4602-84ac-37a05dbd255d","iniciales":"MK","fecha_nacimiento":"11\\/05\\/1936","sexo":"F","address_particular_id":"85","address_laboral_id":"86","nro_documento":"23bbd3ff96e050109a1a158b563d4528cb22ec0a9dc9f4355866ee567449d87a","created":"2012-08-26 21:04:56","modified":"2012-08-26 21:04:56","edad":"76"}}', NULL, '2', '2012-08-26 21:04:56'),
	('503ab9a8-622c-4709-bc29-37a05dbd255d', 'CREATE', 'Answer', '179', '{"Answer":{"id":"179","patient_id":"503ab9a8-1bc4-4602-84ac-37a05dbd255d","question_id":"1","valor":true}}', NULL, '2', '2012-08-26 21:04:56'),
	('503ab9a8-6568-4c3e-82cb-37a05dbd255d', 'CREATE', 'Answer', '182', '{"Answer":{"id":"182","patient_id":"503ab9a8-1bc4-4602-84ac-37a05dbd255d","question_id":"4","valor":false}}', NULL, '2', '2012-08-26 21:04:56'),
	('503ab9a8-8238-468c-a8fc-37a05dbd255d', 'CREATE', 'Answer', '183', '{"Answer":{"id":"183","patient_id":"503ab9a8-1bc4-4602-84ac-37a05dbd255d","question_id":"6","valor":true}}', NULL, '2', '2012-08-26 21:04:56'),
	('503ab9a8-dfec-47b2-81e3-37a05dbd255d', 'CREATE', 'Secondary', '86', '{"Secondary":{"id":"86","city_id":"1","latitud":"-38.7346141","longitud":"-62.2537141","direccion":"Chubut 300"}}', NULL, '2', '2012-08-26 21:04:56'),
	('503ab9a8-e900-4c6a-8d93-37a05dbd255d', 'CREATE', 'Primary', '85', '{"Primary":{"id":"85","city_id":"1","latitud":"-38.7323689","longitud":"-62.2541995","direccion":"Saavedra 1300"}}', NULL, '2', '2012-08-26 21:04:56'),
	('503ab9b8-c3f8-418a-af30-379d5dbd255d', 'CREATE', 'OmsRegister', '52', '{"OmsRegister":{"id":"52","patient_id":"503ab9a8-1bc4-4602-84ac-37a05dbd255d","medic_id":"1","address_part_id":"85","address_lab_id":"86","oms_code_id":"65","estadio":"0","fecha":"26\\/08\\/2012"}}', NULL, '2', '2012-08-26 21:05:12'),
	('503ab9f5-5168-4c0c-a89f-37745dbd255d', 'CREATE', 'Answer', '186', '{"Answer":{"id":"186","patient_id":"503ab9f5-0298-4a80-8325-37745dbd255d","question_id":"3","valor":false}}', NULL, '2', '2012-08-26 21:06:13'),
	('503ab9f5-5bdc-485b-84f2-37745dbd255d', 'CREATE', 'Answer', '187', '{"Answer":{"id":"187","patient_id":"503ab9f5-0298-4a80-8325-37745dbd255d","question_id":"4","valor":false}}', NULL, '2', '2012-08-26 21:06:13'),
	('503ab9f5-5cd4-446a-9d01-37745dbd255d', 'CREATE', 'Answer', '185', '{"Answer":{"id":"185","patient_id":"503ab9f5-0298-4a80-8325-37745dbd255d","question_id":"2","valor":false}}', NULL, '2', '2012-08-26 21:06:13'),
	('503ab9f5-5f74-4e25-9e97-37745dbd255d', 'CREATE', 'Patient', '503ab9f5-0298-4a80-8325-37745dbd255d', '{"Patient":{"id":"503ab9f5-0298-4a80-8325-37745dbd255d","iniciales":"PO","fecha_nacimiento":"24\\/09\\/1935","sexo":"F","address_particular_id":"87","address_laboral_id":"88","nro_documento":"8200f950baa157bca83f739ac700c2cdd60b60df87d66c90a7f1460dbc070bc8","created":"2012-08-26 21:06:13","modified":"2012-08-26 21:06:13","edad":"76"}}', NULL, '2', '2012-08-26 21:06:13'),
	('503ab9f5-6714-4750-8be7-37745dbd255d', 'CREATE', 'Answer', '184', '{"Answer":{"id":"184","patient_id":"503ab9f5-0298-4a80-8325-37745dbd255d","question_id":"1","valor":true}}', NULL, '2', '2012-08-26 21:06:13'),
	('503ab9f5-7014-4d5d-bd21-37745dbd255d', 'CREATE', 'Answer', '188', '{"Answer":{"id":"188","patient_id":"503ab9f5-0298-4a80-8325-37745dbd255d","question_id":"6","valor":false}}', NULL, '2', '2012-08-26 21:06:13'),
	('503ab9f5-c73c-4017-8206-37745dbd255d', 'CREATE', 'Primary', '87', '{"Primary":{"id":"87","city_id":"1","latitud":"-38.727654","longitud":"-62.2628396","direccion":"Berutti 700"}}', NULL, '2', '2012-08-26 21:06:13'),
	('503ab9f5-d46c-44a1-9d1c-37745dbd255d', 'CREATE', 'Secondary', '88', '{"Secondary":{"id":"88","city_id":"1","latitud":"-38.7450816","longitud":"-62.2875391","direccion":"Undiano 2600"}}', NULL, '2', '2012-08-26 21:06:13'),
	('503aba04-5540-4305-b81b-37c35dbd255d', 'CREATE', 'OmsRegister', '53', '{"OmsRegister":{"id":"53","patient_id":"503ab9f5-0298-4a80-8325-37745dbd255d","medic_id":"1","address_part_id":"87","address_lab_id":"88","oms_code_id":"40","estadio":"0","fecha":"26\\/08\\/2012"}}', NULL, '2', '2012-08-26 21:06:28'),
	('503d7c40-1700-4015-aabd-45be5dbd255d', 'EDIT', 'OmsRegister', '20', '{"OmsRegister":{"id":"20","patient_id":"4fdfcc0a-d64c-42e0-9e2d-160c7be0049b","medic_id":"1","address_part_id":"23","address_lab_id":null,"oms_code_id":"64","estadio":"0","fecha":"09\\/08\\/2012"}}', NULL, '1', '2012-08-28 23:19:44'),
	('50418cff-0178-4c59-95cf-1c165dbd255d', 'CREATE', 'Answer', '189', '{"Answer":{"id":"189","patient_id":"50418cff-4204-420c-a6b4-1c165dbd255d","question_id":"1","valor":true}}', NULL, '6', '2012-09-01 01:20:15'),
	('50418cff-0264-4a6a-b360-1c165dbd255d', 'CREATE', 'Answer', '192', '{"Answer":{"id":"192","patient_id":"50418cff-4204-420c-a6b4-1c165dbd255d","question_id":"4","valor":false}}', NULL, '6', '2012-09-01 01:20:15'),
	('50418cff-08f0-4b2d-b61b-1c165dbd255d', 'CREATE', 'Answer', '190', '{"Answer":{"id":"190","patient_id":"50418cff-4204-420c-a6b4-1c165dbd255d","question_id":"2","valor":true}}', NULL, '6', '2012-09-01 01:20:15'),
	('50418cff-1e6c-4e70-b682-1c165dbd255d', 'CREATE', 'Primary', '89', '{"Primary":{"id":"89","city_id":"1","latitud":"-38.6670627","longitud":"-62.2815127","direccion":"Francisco P. de Salvo 3500"}}', NULL, '6', '2012-09-01 01:20:15'),
	('50418cff-1fa4-4855-afdc-1c165dbd255d', 'CREATE', 'Answer', '191', '{"Answer":{"id":"191","patient_id":"50418cff-4204-420c-a6b4-1c165dbd255d","question_id":"3","valor":false}}', NULL, '6', '2012-09-01 01:20:15'),
	('50418cff-22dc-4a13-bfd2-1c165dbd255d', 'CREATE', 'Answer', '193', '{"Answer":{"id":"193","patient_id":"50418cff-4204-420c-a6b4-1c165dbd255d","question_id":"6","valor":true}}', NULL, '6', '2012-09-01 01:20:15'),
	('50418cff-34f0-437c-8a97-1c165dbd255d', 'CREATE', 'Patient', '50418cff-4204-420c-a6b4-1c165dbd255d', '{"Patient":{"id":"50418cff-4204-420c-a6b4-1c165dbd255d","iniciales":"FP","fecha_nacimiento":"06\\/08\\/1991","sexo":"M","address_particular_id":"89","address_laboral_id":"90","nro_documento":"368a4e340c7743c93d470b4073d98611cec8a5a11553dfb48df94945eb7c4788","created":"2012-09-01 01:20:15","modified":"2012-09-01 01:20:15","peso":"0.00","altura":"0.00","vive":true,"fecha_defuncion":null,"job_id":"1","edad":"21"}}', NULL, '6', '2012-09-01 01:20:15'),
	('50418cff-6e30-4eb4-9333-1c165dbd255d', 'CREATE', 'Secondary', '90', '{"Secondary":{"id":"90","city_id":"1","latitud":"-38.7364164","longitud":"-62.2537036","direccion":"Darregueira 1500"}}', NULL, '6', '2012-09-01 01:20:15'),
	('50418d29-bfc8-46ad-8ee2-1c1d5dbd255d', 'CREATE', 'OmsRegister', '54', '{"OmsRegister":{"id":"54","patient_id":"50418cff-4204-420c-a6b4-1c165dbd255d","medic_id":"1","address_part_id":"89","address_lab_id":"90","oms_code_id":"171","estadio":"0","fecha":"01\\/09\\/2012"}}', NULL, '6', '2012-09-01 01:20:57'),
	('50418db5-0488-4a69-9abb-1c3d5dbd255d', 'CREATE', 'Answer', '197', '{"Answer":{"id":"197","patient_id":"50418db5-6b9c-4411-b1e8-1c3d5dbd255d","question_id":"4","valor":false}}', NULL, '6', '2012-09-01 01:23:17'),
	('50418db5-5f74-4e9c-b268-1c3d5dbd255d', 'CREATE', 'Primary', '91', '{"Primary":{"id":"91","city_id":"1","latitud":"-38.6880293","longitud":"-62.3027612","direccion":"Zelarray\\u00e1n 3700"}}', NULL, '6', '2012-09-01 01:23:17'),
	('50418db5-8c68-4292-88b9-1c3d5dbd255d', 'CREATE', 'Answer', '194', '{"Answer":{"id":"194","patient_id":"50418db5-6b9c-4411-b1e8-1c3d5dbd255d","question_id":"1","valor":false}}', NULL, '6', '2012-09-01 01:23:17'),
	('50418db5-b5dc-4e1a-b135-1c3d5dbd255d', 'CREATE', 'Secondary', '92', '{"Secondary":{"id":"92","city_id":"1","latitud":"-38.7443923","longitud":"-62.2406341","direccion":"Esmeralda 300"}}', NULL, '6', '2012-09-01 01:23:17'),
	('50418db5-b87c-4f17-8b68-1c3d5dbd255d', 'CREATE', 'Answer', '195', '{"Answer":{"id":"195","patient_id":"50418db5-6b9c-4411-b1e8-1c3d5dbd255d","question_id":"2","valor":false}}', NULL, '6', '2012-09-01 01:23:17'),
	('50418db5-cd84-4aea-a9b5-1c3d5dbd255d', 'CREATE', 'Answer', '196', '{"Answer":{"id":"196","patient_id":"50418db5-6b9c-4411-b1e8-1c3d5dbd255d","question_id":"3","valor":false}}', NULL, '6', '2012-09-01 01:23:17'),
	('50418db5-e470-48ce-b59a-1c3d5dbd255d', 'CREATE', 'Answer', '198', '{"Answer":{"id":"198","patient_id":"50418db5-6b9c-4411-b1e8-1c3d5dbd255d","question_id":"6","valor":true}}', NULL, '6', '2012-09-01 01:23:17'),
	('50418db5-ff44-4ba9-a062-1c3d5dbd255d', 'CREATE', 'Patient', '50418db5-6b9c-4411-b1e8-1c3d5dbd255d', '{"Patient":{"id":"50418db5-6b9c-4411-b1e8-1c3d5dbd255d","iniciales":"HY","fecha_nacimiento":"23\\/05\\/1952","sexo":"M","address_particular_id":"91","address_laboral_id":"92","nro_documento":"958be1646dad67624da83c609898d2fe96c818b91a5e73eab8327487e0ef5c84","created":"2012-09-01 01:23:17","modified":"2012-09-01 01:23:17","peso":"0.00","altura":"0.00","vive":true,"fecha_defuncion":null,"job_id":"1","edad":"60"}}', NULL, '6', '2012-09-01 01:23:17'),
	('50418dec-c290-461e-9b0f-1c3d5dbd255d', 'CREATE', 'OmsRegister', '55', '{"OmsRegister":{"id":"55","patient_id":"50418db5-6b9c-4411-b1e8-1c3d5dbd255d","medic_id":"1","address_part_id":"91","address_lab_id":"92","oms_code_id":"69","estadio":"4","fecha":"01\\/09\\/2012"}}', NULL, '6', '2012-09-01 01:24:12'),
	('50418e46-1df8-4715-baf7-1c0c5dbd255d', 'CREATE', 'Answer', '201', '{"Answer":{"id":"201","patient_id":"50418e46-3110-46af-8a0a-1c0c5dbd255d","question_id":"3","valor":true}}', NULL, '6', '2012-09-01 01:25:42'),
	('50418e46-3964-4371-a0a2-1c0c5dbd255d', 'CREATE', 'Patient', '50418e46-3110-46af-8a0a-1c0c5dbd255d', '{"Patient":{"id":"50418e46-3110-46af-8a0a-1c0c5dbd255d","iniciales":"JK","fecha_nacimiento":"07\\/04\\/1971","sexo":"M","address_particular_id":"93","address_laboral_id":"94","nro_documento":"3b62af2d71504125e26f63a1b6219cf3cb23f008d05c7589d7b7684dfa6a5af2","created":"2012-09-01 01:25:42","modified":"2012-09-01 01:25:42","peso":"0.00","altura":"0.00","vive":true,"fecha_defuncion":null,"job_id":"1","edad":"41"}}', NULL, '6', '2012-09-01 01:25:42'),
	('50418e46-69ac-4e8b-852e-1c0c5dbd255d', 'CREATE', 'Answer', '200', '{"Answer":{"id":"200","patient_id":"50418e46-3110-46af-8a0a-1c0c5dbd255d","question_id":"2","valor":false}}', NULL, '6', '2012-09-01 01:25:42'),
	('50418e46-7aec-4dee-b1c1-1c0c5dbd255d', 'CREATE', 'Secondary', '94', '{"Secondary":{"id":"94","city_id":"1","latitud":"-38.752115","longitud":"-62.2294833","direccion":"Mascarello 200"}}', NULL, '6', '2012-09-01 01:25:42'),
	('50418e46-a304-4f83-ba9e-1c0c5dbd255d', 'CREATE', 'Answer', '199', '{"Answer":{"id":"199","patient_id":"50418e46-3110-46af-8a0a-1c0c5dbd255d","question_id":"1","valor":false}}', NULL, '6', '2012-09-01 01:25:42'),
	('50418e46-c380-4432-9006-1c0c5dbd255d', 'CREATE', 'Answer', '203', '{"Answer":{"id":"203","patient_id":"50418e46-3110-46af-8a0a-1c0c5dbd255d","question_id":"6","valor":false}}', NULL, '6', '2012-09-01 01:25:42'),
	('50418e46-db54-4c00-a7f9-1c0c5dbd255d', 'CREATE', 'Primary', '93', '{"Primary":{"id":"93","city_id":"1","latitud":"-38.7522499","longitud":"-62.2315215","direccion":"Avenente 500"}}', NULL, '6', '2012-09-01 01:25:42'),
	('50418e46-f828-40da-8172-1c0c5dbd255d', 'CREATE', 'Answer', '202', '{"Answer":{"id":"202","patient_id":"50418e46-3110-46af-8a0a-1c0c5dbd255d","question_id":"4","valor":false}}', NULL, '6', '2012-09-01 01:25:42'),
	('50418e60-1df8-4d0a-9970-1c165dbd255d', 'CREATE', 'OmsRegister', '56', '{"OmsRegister":{"id":"56","patient_id":"50418e46-3110-46af-8a0a-1c0c5dbd255d","medic_id":"1","address_part_id":"93","address_lab_id":"94","oms_code_id":"19","estadio":"0","fecha":"01\\/09\\/2012"}}', NULL, '6', '2012-09-01 01:26:08'),
	('50444577-03a0-4e33-897c-2e2d5dbd255d', 'CREATE', 'Secondary', '96', '{"Secondary":{"id":"96","city_id":"1","latitud":"-38.7177371","longitud":"-62.2638105","direccion":"Alsina 100"}}', NULL, '5', '2012-09-03 02:51:51'),
	('50444577-23f4-48ad-a1e9-2e2d5dbd255d', 'CREATE', 'Patient', '50444577-b5f8-4a07-b1a6-2e2d5dbd255d', '{"Patient":{"id":"50444577-b5f8-4a07-b1a6-2e2d5dbd255d","iniciales":"BETA","fecha_nacimiento":"14\\/01\\/1970","sexo":"M","address_particular_id":"95","address_laboral_id":"96","nro_documento":"afc46e8aa01a17ce4d91b51553e8e08bbdb2b79b0a1d69082d27287fbc0614ca","created":"2012-09-03 02:51:51","modified":"2012-09-03 02:51:51","peso":"75.50","altura":"1.65","vive":true,"fecha_defuncion":null,"job_id":"2","edad":"42"}}', NULL, '5', '2012-09-03 02:51:51'),
	('50444577-67bc-454b-81a8-2e2d5dbd255d', 'CREATE', 'Answer', '204', '{"Answer":{"id":"204","patient_id":"50444577-b5f8-4a07-b1a6-2e2d5dbd255d","question_id":"1","valor":true}}', NULL, '5', '2012-09-03 02:51:51'),
	('50444577-a4f8-4978-ad1b-2e2d5dbd255d', 'CREATE', 'Answer', '205', '{"Answer":{"id":"205","patient_id":"50444577-b5f8-4a07-b1a6-2e2d5dbd255d","question_id":"2","valor":false}}', NULL, '5', '2012-09-03 02:51:51'),
	('50444577-e174-4a0a-91ea-2e2d5dbd255d', 'CREATE', 'Primary', '95', '{"Primary":{"id":"95","city_id":"1","latitud":"-38.6996644","longitud":"-62.2875069","direccion":"Zelarray\\u00e1n 2100"}}', NULL, '5', '2012-09-03 02:51:51'),
	('504445ac-6538-410c-8706-2e6d5dbd255d', 'CREATE', 'OmsRegister', '57', '{"OmsRegister":{"id":"57","patient_id":"50444577-b5f8-4a07-b1a6-2e2d5dbd255d","medic_id":"2","address_part_id":"95","address_lab_id":"96","oms_code_id":"80","estadio":"0","fecha":"03\\/09\\/2012"}}', NULL, '5', '2012-09-03 02:52:44'),
	('504445df-8f74-4765-be5b-2e555dbd255d', 'CREATE', 'Note', '4', '{"Note":{"id":"4","medic_id":"2","oms_register_id":"57","fecha":"2012-09-03 02:53:35","descripcion":"<p><strong><span style=\\"color: #ff6600;\\">Nota sobre el melanoma.<\\/span><\\/strong><\\/p>"}}', NULL, '5', '2012-09-03 02:53:35'),
	('50593f53-c95c-4c49-8f1c-7d985dbd255d', 'EDIT', 'User', '5', '{"User":{"id":"5","username":"medico","password":"f687e11711c20bd2a5239f0fc3a6c4161647cf5f","group_id":"2","created":"2012-08-14 20:24:14","modified":"2012-08-14 20:25:41","medic_id":"2","blocked":true}}', NULL, '1', '2012-09-19 00:43:15'),
	('50593f59-bf14-4a0d-8067-7da35dbd255d', 'EDIT', 'User', '5', '{"User":{"id":"5","username":"medico","password":"21c73438f0d97042b09c5f2e991bb98b863defff","group_id":"2","created":"2012-08-14 20:24:14","modified":"2012-08-14 20:25:41","medic_id":"2","blocked":false}}', NULL, '1', '2012-09-19 00:43:21'),
	('505941dd-c1a4-4516-b6da-7d985dbd255d', 'EDIT', 'Question', '6', '{"Question":{"id":"6","descripcion":"Hace ejercicio","visible":true}}', NULL, '1', '2012-09-19 00:54:05'),
	('506cd4a1-c710-4773-b858-1ee85dbd255d', 'EDIT', 'User', '6', '{"User":{"id":"6","username":"ayudante","password":"1500c2908e71d66b19bfce3a1b4e042d4c860649","group_id":"3","created":"2012-08-14 20:30:37","modified":"2012-10-03 21:13:20","medic_id":null,"blocked":false}}', NULL, '1', '2012-10-03 21:13:21'),
	('506cd4cf-524c-4964-9eb4-1ee85dbd255d', 'EDIT', 'User', '6', '{"User":{"id":"6","username":"ayudante","password":"3784364f60b0989c0059deb3210dc30966a4ec6c","group_id":"3","created":"2012-08-14 20:30:37","modified":"2012-10-03 21:14:07","medic_id":null,"blocked":false}}', NULL, '6', '2012-10-03 21:14:07'),
	('506cd777-6174-486c-bce9-20ac5dbd255d', 'CREATE', 'Patient', '506cd777-11f0-4444-829e-20ac5dbd255d', '{"Patient":{"id":"506cd777-11f0-4444-829e-20ac5dbd255d","iniciales":"sdsad","fecha_nacimiento":"01\\/10\\/1941","sexo":"M","address_particular_id":null,"address_laboral_id":null,"nro_documento":"b17670be13df6c91ed31fc448b73e1f562586153d736e7a5644f5c46ac0c7ce4","created":"2012-10-03 21:25:27","modified":"2012-10-03 21:25:27","peso":"0.00","altura":"0.00","vive":true,"fecha_defuncion":null,"job_id":"1","edad":"71"}}', NULL, '1', '2012-10-03 21:25:27'),
	('506cd828-c244-4363-ab48-20f65dbd255d', 'EDIT', 'Patient', '4fdfcc0a-d64c-42e0-9e2d-160c7be0049b', '{"Patient":{"id":"4fdfcc0a-d64c-42e0-9e2d-160c7be0049b","iniciales":"GHT2","fecha_nacimiento":"14\\/02\\/1984","sexo":"M","address_particular_id":"24","address_laboral_id":null,"nro_documento":"d62bce2760df0b171b2269de45884537a88be6ade7835de091b10c896433aac4","created":"2012-06-18 21:47:06","modified":"2012-10-03 21:28:24","peso":"858.00","altura":"2.00","vive":true,"fecha_defuncion":null,"job_id":"1","edad":"28"}}', NULL, '1', '2012-10-03 21:28:24'),
	('506cd844-6308-4e7f-86aa-1e8b5dbd255d', 'EDIT', 'Patient', '4fdfcc0a-d64c-42e0-9e2d-160c7be0049b', '{"Patient":{"id":"4fdfcc0a-d64c-42e0-9e2d-160c7be0049b","iniciales":"GHT2","fecha_nacimiento":"14\\/02\\/1984","sexo":"M","address_particular_id":"24","address_laboral_id":null,"nro_documento":"d62bce2760df0b171b2269de45884537a88be6ade7835de091b10c896433aac4","created":"2012-06-18 21:47:06","modified":"2012-10-03 21:28:52","peso":"85.60","altura":"1.76","vive":true,"fecha_defuncion":null,"job_id":"1","edad":"28"}}', NULL, '1', '2012-10-03 21:28:52'),
	('506cd874-9b2c-4b17-9bcc-1e8b5dbd255d', 'EDIT', 'Patient', '4fdfcc0a-d64c-42e0-9e2d-160c7be0049b', '{"Patient":{"id":"4fdfcc0a-d64c-42e0-9e2d-160c7be0049b","iniciales":"GHT2","fecha_nacimiento":"14\\/02\\/1984","sexo":"M","address_particular_id":"24","address_laboral_id":null,"nro_documento":"d62bce2760df0b171b2269de45884537a88be6ade7835de091b10c896433aac4","created":"2012-06-18 21:47:06","modified":"2012-10-03 21:29:40","peso":"85.60","altura":"1.76","vive":false,"fecha_defuncion":"03\\/10\\/2012","job_id":"1","edad":"28"}}', NULL, '1', '2012-10-03 21:29:40'),
	('506cd88b-b380-404d-ae64-20ac5dbd255d', 'EDIT', 'Patient', '4fdfcc0a-d64c-42e0-9e2d-160c7be0049b', '{"Patient":{"id":"4fdfcc0a-d64c-42e0-9e2d-160c7be0049b","iniciales":"GHT2","fecha_nacimiento":"14\\/02\\/1984","sexo":"M","address_particular_id":"24","address_laboral_id":null,"nro_documento":"d62bce2760df0b171b2269de45884537a88be6ade7835de091b10c896433aac4","created":"2012-06-18 21:47:06","modified":"2012-10-03 21:30:03","peso":"85.60","altura":"1.76","vive":false,"fecha_defuncion":null,"job_id":"1","edad":"28"}}', NULL, '1', '2012-10-03 21:30:03'),
	('506cd942-97a4-4882-abe8-1e8b5dbd255d', 'EDIT', 'Question', '6', '{"Question":{"id":"6","descripcion":"Hace ejercicio","visible":false}}', NULL, '1', '2012-10-03 21:33:06'),
	('506cda79-d5f0-443a-a13d-22505dbd255d', 'DELETE', 'Question', '5', '{"Question":{"id":"5","descripcion":"Invisible :P","visible":false}}', NULL, '1', '2012-10-03 21:38:17'),
	('506cdb43-bc98-43e8-836d-22585dbd255d', 'EDIT', 'OmsRegister', '20', '{"OmsRegister":{"id":"20","patient_id":"4fdfcc0a-d64c-42e0-9e2d-160c7be0049b","medic_id":"1","address_part_id":"23","address_lab_id":null,"oms_code_id":"64","estadio":"0","fecha":"01\\/01\\/1993"}}', NULL, '1', '2012-10-03 21:41:39'),
	('506cdb56-c850-4ee0-941b-22595dbd255d', 'EDIT', 'Patient', '4fdfcc0a-d64c-42e0-9e2d-160c7be0049b', '{"Patient":{"id":"4fdfcc0a-d64c-42e0-9e2d-160c7be0049b","iniciales":"GHT2","fecha_nacimiento":"14\\/02\\/1984","sexo":"M","address_particular_id":"24","address_laboral_id":null,"nro_documento":"d62bce2760df0b171b2269de45884537a88be6ade7835de091b10c896433aac4","created":"2012-06-18 21:47:06","modified":"2012-10-03 21:41:58","peso":"85.60","altura":"1.76","vive":true,"fecha_defuncion":null,"job_id":"1","edad":"28"}}', NULL, '1', '2012-10-03 21:41:58'),
	('506ce131-8b28-4a32-8c99-23185dbd255d', 'CREATE', 'Primary', '97', '{"Primary":{"id":"97","city_id":"1","latitud":"-38.7173099","longitud":"-62.2276273","direccion":"Remedios de Escalada 2300"}}', NULL, '1', '2012-10-03 22:06:57'),
	('506ce132-176c-4782-aaf4-23185dbd255d', 'CREATE', 'Answer', '208', '{"Answer":{"id":"208","patient_id":"506ce132-7238-4fc4-b524-23185dbd255d","question_id":"3","valor":false}}', NULL, '1', '2012-10-03 22:06:58'),
	('506ce132-20e4-4350-9553-23185dbd255d', 'CREATE', 'Answer', '207', '{"Answer":{"id":"207","patient_id":"506ce132-7238-4fc4-b524-23185dbd255d","question_id":"2","valor":true}}', NULL, '1', '2012-10-03 22:06:58'),
	('506ce132-59f4-43d3-91ca-23185dbd255d', 'CREATE', 'Patient', '506ce132-7238-4fc4-b524-23185dbd255d', '{"Patient":{"id":"506ce132-7238-4fc4-b524-23185dbd255d","iniciales":"NUE","fecha_nacimiento":"01\\/01\\/1930","sexo":"M","address_particular_id":"97","address_laboral_id":"98","nro_documento":"6e7abcad49b4c21fbfba1fbd8002762fb8da8e08387b67cf0716ff7c7f2c4575","created":"2012-10-03 22:06:58","modified":"2012-10-03 22:06:58","peso":"72.00","altura":"1.59","vive":true,"fecha_defuncion":null,"job_id":"3","edad":"82"}}', NULL, '1', '2012-10-03 22:06:58'),
	('506ce132-7b7c-4693-8718-23185dbd255d', 'CREATE', 'Answer', '209', '{"Answer":{"id":"209","patient_id":"506ce132-7238-4fc4-b524-23185dbd255d","question_id":"4","valor":true}}', NULL, '1', '2012-10-03 22:06:58'),
	('506ce132-f988-4dd7-9967-23185dbd255d', 'CREATE', 'Answer', '206', '{"Answer":{"id":"206","patient_id":"506ce132-7238-4fc4-b524-23185dbd255d","question_id":"1","valor":false}}', NULL, '1', '2012-10-03 22:06:58'),
	('506ce132-fb64-44de-a490-23185dbd255d', 'CREATE', 'Secondary', '98', '{"Secondary":{"id":"98","city_id":"1","latitud":"-38.7158903","longitud":"-62.2807449","direccion":"Juan Molina 400"}}', NULL, '1', '2012-10-03 22:06:58'),
	('506ce1e0-9698-4a18-88ab-24585dbd255d', 'CREATE', 'OmsRegister', '58', '{"OmsRegister":{"id":"58","patient_id":"506ce132-7238-4fc4-b524-23185dbd255d","medic_id":"2","address_part_id":"97","address_lab_id":"98","oms_code_id":"94","estadio":"0","fecha":"05\\/04\\/2012"}}', NULL, '1', '2012-10-03 22:09:52'),
	('506ce1fa-7cf8-4b8d-91ad-224f5dbd255d', 'EDIT', 'OmsRegister', '58', '{"OmsRegister":{"id":"58","patient_id":"506ce132-7238-4fc4-b524-23185dbd255d","medic_id":"2","address_part_id":"97","address_lab_id":"98","oms_code_id":"94","estadio":"0","fecha":"01\\/04\\/2000"}}', NULL, '1', '2012-10-03 22:10:18'),
	('506ce259-8784-4f8a-8a7e-24585dbd255d', 'CREATE', 'Note', '5', '{"Note":{"id":"5","medic_id":"1","oms_register_id":"58","fecha":"2012-10-03 22:11:53","descripcion":"<p><strong>Una nota<\\/strong><\\/p>"}}', NULL, '1', '2012-10-03 22:11:53'),
	('506ce27a-af3c-4ef4-baa1-224f5dbd255d', 'EDIT', 'Patient', '506ce132-7238-4fc4-b524-23185dbd255d', '{"Patient":{"id":"506ce132-7238-4fc4-b524-23185dbd255d","iniciales":"NUE","fecha_nacimiento":"01\\/01\\/1930","sexo":"M","address_particular_id":"97","address_laboral_id":"98","nro_documento":"6e7abcad49b4c21fbfba1fbd8002762fb8da8e08387b67cf0716ff7c7f2c4575","created":"2012-10-03 22:06:58","modified":"2012-10-03 22:12:26","peso":"72.00","altura":"1.59","vive":false,"fecha_defuncion":"03\\/10\\/2012","job_id":"3","edad":"82"}}', NULL, '1', '2012-10-03 22:12:26'),
	('506ce2ae-c60c-445e-904b-24595dbd255d', 'EDIT', 'Patient', '506ce132-7238-4fc4-b524-23185dbd255d', '{"Patient":{"id":"506ce132-7238-4fc4-b524-23185dbd255d","iniciales":"NUE","fecha_nacimiento":"01\\/01\\/1930","sexo":"M","address_particular_id":"97","address_laboral_id":"98","nro_documento":"6e7abcad49b4c21fbfba1fbd8002762fb8da8e08387b67cf0716ff7c7f2c4575","created":"2012-10-03 22:06:58","modified":"2012-10-03 22:13:18","peso":"72.00","altura":"1.59","vive":false,"fecha_defuncion":"01\\/10\\/2010","job_id":"3","edad":"82"}}', NULL, '1', '2012-10-03 22:13:18'),
	('506ce2de-e048-4412-aca9-24595dbd255d', 'EDIT', 'Patient', '506ce132-7238-4fc4-b524-23185dbd255d', '{"Patient":{"id":"506ce132-7238-4fc4-b524-23185dbd255d","iniciales":"NUE","fecha_nacimiento":"01\\/01\\/1930","sexo":"M","address_particular_id":"97","address_laboral_id":"98","nro_documento":"6e7abcad49b4c21fbfba1fbd8002762fb8da8e08387b67cf0716ff7c7f2c4575","created":"2012-10-03 22:06:58","modified":"2012-10-03 22:14:06","peso":"72.00","altura":"1.59","vive":false,"fecha_defuncion":null,"job_id":"3","edad":"82"}}', NULL, '1', '2012-10-03 22:14:06'),
	('506d102b-0554-4fe0-809e-41185dbd255d', 'CREATE', 'Secondary', '100', '{"Secondary":{"id":"100","city_id":"1","latitud":"-38.7311096","longitud":"-62.2344818","direccion":"Newton"}}', NULL, '6', '2012-10-04 01:27:23'),
	('506d102b-11c0-4c65-9910-41185dbd255d', 'CREATE', 'Primary', '99', '{"Primary":{"id":"99","city_id":"1","latitud":"-38.7267609","longitud":"-62.2419391","direccion":"Washington 700"}}', NULL, '6', '2012-10-04 01:27:23'),
	('506d102c-10f0-4dbc-ab82-41185dbd255d', 'CREATE', 'Patient', '506d102b-7908-4e98-9401-41185dbd255d', '{"Patient":{"id":"506d102b-7908-4e98-9401-41185dbd255d","iniciales":"JJ","fecha_nacimiento":"11\\/10\\/1933","sexo":"M","address_particular_id":"99","address_laboral_id":"100","nro_documento":"2903472d3684214b816f5e8281b36d2a2a38a04b36cc416fcb9e08bec97a649a","created":"2012-10-04 01:27:23","modified":"2012-10-04 01:27:23","peso":"75.00","altura":"1.80","vive":true,"fecha_defuncion":null,"job_id":"4","edad":"78"}}', NULL, '6', '2012-10-04 01:27:24'),
	('506d102c-560c-4f5a-ba52-41185dbd255d', 'CREATE', 'Answer', '211', '{"Answer":{"id":"211","patient_id":"506d102b-7908-4e98-9401-41185dbd255d","question_id":"2","valor":false}}', NULL, '6', '2012-10-04 01:27:24'),
	('506d102c-8d6c-4c17-99cc-41185dbd255d', 'CREATE', 'Answer', '212', '{"Answer":{"id":"212","patient_id":"506d102b-7908-4e98-9401-41185dbd255d","question_id":"3","valor":true}}', NULL, '6', '2012-10-04 01:27:24'),
	('506d102c-f79c-4a05-b5c3-41185dbd255d', 'CREATE', 'Answer', '210', '{"Answer":{"id":"210","patient_id":"506d102b-7908-4e98-9401-41185dbd255d","question_id":"1","valor":true}}', NULL, '6', '2012-10-04 01:27:24'),
	('506d105b-c988-414e-bdb9-41375dbd255d', 'CREATE', 'OmsRegister', '59', '{"OmsRegister":{"id":"59","patient_id":"506d102b-7908-4e98-9401-41185dbd255d","medic_id":"1","address_part_id":"99","address_lab_id":"100","oms_code_id":"65","estadio":"2","fecha":"04\\/10\\/2012"}}', NULL, '6', '2012-10-04 01:28:11'),
	('506d1128-99b0-4ccd-8901-41185dbd255d', 'CREATE', 'Patient', '506d1128-a15c-4966-a2ec-41185dbd255d', '{"Patient":{"id":"506d1128-a15c-4966-a2ec-41185dbd255d","iniciales":"PL","fecha_nacimiento":"07\\/03\\/1932","sexo":"M","address_particular_id":"101","address_laboral_id":"102","nro_documento":"e078d9b5201a8b88a9f0ce9ef2d3beff3d731aa4cdea4a2e2778dd791d8e97bb","created":"2012-10-04 01:31:36","modified":"2012-10-04 01:31:36","peso":"89.00","altura":"1.72","vive":true,"fecha_defuncion":null,"job_id":"2","edad":"80"}}', NULL, '6', '2012-10-04 01:31:36'),
	('506d1128-99bc-4c7e-96e2-41185dbd255d', 'CREATE', 'Answer', '215', '{"Answer":{"id":"215","patient_id":"506d1128-a15c-4966-a2ec-41185dbd255d","question_id":"3","valor":false}}', NULL, '6', '2012-10-04 01:31:36'),
	('506d1128-add0-404f-8715-41185dbd255d', 'CREATE', 'Primary', '101', '{"Primary":{"id":"101","city_id":"1","latitud":"-38.7056761","longitud":"-62.2644131","direccion":"Paraguay 700"}}', NULL, '6', '2012-10-04 01:31:36'),
	('506d1128-c234-4a72-83fe-41185dbd255d', 'CREATE', 'Secondary', '102', '{"Secondary":{"id":"102","city_id":"1","latitud":"-38.7116203","longitud":"-62.2949866","direccion":"Almafuerte 1700"}}', NULL, '6', '2012-10-04 01:31:36'),
	('506d1128-e2b4-4572-b49e-41185dbd255d', 'CREATE', 'Answer', '214', '{"Answer":{"id":"214","patient_id":"506d1128-a15c-4966-a2ec-41185dbd255d","question_id":"2","valor":false}}', NULL, '6', '2012-10-04 01:31:36'),
	('506d1128-fb3c-4433-96f6-41185dbd255d', 'CREATE', 'Answer', '213', '{"Answer":{"id":"213","patient_id":"506d1128-a15c-4966-a2ec-41185dbd255d","question_id":"1","valor":true}}', NULL, '6', '2012-10-04 01:31:36'),
	('506d1133-35dc-4915-af77-41185dbd255d', 'CREATE', 'Answer', '216', '{"Answer":{"id":"216","patient_id":"506d1133-9e84-4c82-92ae-41185dbd255d","question_id":"1","valor":false}}', NULL, '6', '2012-10-04 01:31:47'),
	('506d1133-4770-4210-8143-41185dbd255d', 'CREATE', 'Primary', '103', '{"Primary":{"id":"103","city_id":"1","latitud":"-38.7040352","longitud":"-62.2732229","direccion":"San Juan 400"}}', NULL, '6', '2012-10-04 01:31:47'),
	('506d1133-67dc-48fa-b216-41185dbd255d', 'CREATE', 'Answer', '219', '{"Answer":{"id":"219","patient_id":"506d1133-9e84-4c82-92ae-41185dbd255d","question_id":"4","valor":false}}', NULL, '6', '2012-10-04 01:31:47'),
	('506d1133-e208-4a4a-8a6e-41185dbd255d', 'CREATE', 'Answer', '218', '{"Answer":{"id":"218","patient_id":"506d1133-9e84-4c82-92ae-41185dbd255d","question_id":"3","valor":false}}', NULL, '6', '2012-10-04 01:31:47'),
	('506d1133-e510-4f45-85c6-41185dbd255d', 'CREATE', 'Patient', '506d1133-9e84-4c82-92ae-41185dbd255d', '{"Patient":{"id":"506d1133-9e84-4c82-92ae-41185dbd255d","iniciales":"mb","fecha_nacimiento":"28\\/05\\/1983","sexo":"M","address_particular_id":"103","address_laboral_id":null,"nro_documento":"f3860bfffe87298ce14ce244cde564961f190f3492a45accf4826c5cb9d27a7b","created":"2012-10-04 01:31:47","modified":"2012-10-04 01:31:47","peso":"82.00","altura":"0.00","vive":true,"fecha_defuncion":null,"job_id":"1","edad":"29"}}', NULL, '6', '2012-10-04 01:31:47'),
	('506d1133-ee74-400f-af6c-41185dbd255d', 'CREATE', 'Answer', '217', '{"Answer":{"id":"217","patient_id":"506d1133-9e84-4c82-92ae-41185dbd255d","question_id":"2","valor":false}}', NULL, '6', '2012-10-04 01:31:47'),
	('506d113b-18a4-4645-aed0-41ec5dbd255d', 'CREATE', 'OmsRegister', '60', '{"OmsRegister":{"id":"60","patient_id":"506d1128-a15c-4966-a2ec-41185dbd255d","medic_id":"1","address_part_id":"101","address_lab_id":"102","oms_code_id":"38","estadio":"2","fecha":"04\\/10\\/2012"}}', NULL, '6', '2012-10-04 01:31:55'),
	('506d1172-df3c-4d19-b6d5-42015dbd255d', 'CREATE', 'OmsRegister', '61', '{"OmsRegister":{"id":"61","patient_id":"506d1133-9e84-4c82-92ae-41185dbd255d","medic_id":"2","address_part_id":"103","address_lab_id":null,"oms_code_id":"69","estadio":"0","fecha":"04\\/10\\/2012"}}', NULL, '6', '2012-10-04 01:32:50'),
	('506d122d-0034-44b5-8afa-42845dbd255d', 'CREATE', 'Patient', '506d122d-cae8-480b-b883-42845dbd255d', '{"Patient":{"id":"506d122d-cae8-480b-b883-42845dbd255d","iniciales":"PP","fecha_nacimiento":"14\\/04\\/1959","sexo":"F","address_particular_id":"104","address_laboral_id":"105","nro_documento":"51d9067198b7a33135aff3152a54d5df9d040d3475dd4c570a86b849904c6c5e","created":"2012-10-04 01:35:57","modified":"2012-10-04 01:35:57","peso":"98.00","altura":"1.74","vive":true,"fecha_defuncion":null,"job_id":"3","edad":"53"}}', NULL, '6', '2012-10-04 01:35:57'),
	('506d122d-0890-47cc-b4a8-42845dbd255d', 'CREATE', 'Primary', '104', '{"Primary":{"id":"104","city_id":"1","latitud":"-38.7184842","longitud":"-62.2488464","direccion":"Balboa 600"}}', NULL, '6', '2012-10-04 01:35:57'),
	('506d122d-0cf0-48bc-a3e7-42845dbd255d', 'CREATE', 'Answer', '220', '{"Answer":{"id":"220","patient_id":"506d122d-cae8-480b-b883-42845dbd255d","question_id":"1","valor":true}}', NULL, '6', '2012-10-04 01:35:57'),
	('506d122d-1970-4a50-9d35-42845dbd255d', 'CREATE', 'Secondary', '105', '{"Secondary":{"id":"105","city_id":"1","latitud":"-38.7228117","longitud":"-62.2553455","direccion":"Soler 800"}}', NULL, '6', '2012-10-04 01:35:57'),
	('506d122e-543c-4659-b36c-42845dbd255d', 'CREATE', 'Answer', '221', '{"Answer":{"id":"221","patient_id":"506d122d-cae8-480b-b883-42845dbd255d","question_id":"2","valor":true}}', NULL, '6', '2012-10-04 01:35:58'),
	('506d122e-904c-4252-86a6-42845dbd255d', 'CREATE', 'Answer', '222', '{"Answer":{"id":"222","patient_id":"506d122d-cae8-480b-b883-42845dbd255d","question_id":"3","valor":true}}', NULL, '6', '2012-10-04 01:35:58'),
	('506d126a-d9d4-476e-9f01-42bd5dbd255d', 'CREATE', 'OmsRegister', '62', '{"OmsRegister":{"id":"62","patient_id":"506d122d-cae8-480b-b883-42845dbd255d","medic_id":"1","address_part_id":"104","address_lab_id":"105","oms_code_id":"135","estadio":"4","fecha":"04\\/10\\/2012"}}', NULL, '6', '2012-10-04 01:36:58'),
	('506d12d9-270c-4819-b0bb-42b15dbd255d', 'CREATE', 'Answer', '225', '{"Answer":{"id":"225","patient_id":"506d12d9-92ec-479d-8287-42b15dbd255d","question_id":"3","valor":true}}', NULL, '6', '2012-10-04 01:38:49'),
	('506d12d9-38f0-471d-a14b-42b15dbd255d', 'CREATE', 'Primary', '106', '{"Primary":{"id":"106","city_id":"1","latitud":"-38.735611","longitud":"-62.2384415","direccion":"Rivadavia"}}', NULL, '6', '2012-10-04 01:38:49'),
	('506d12d9-40a8-4928-abf2-42b15dbd255d', 'CREATE', 'Secondary', '107', '{"Secondary":{"id":"107","city_id":"1","latitud":"-38.7329812","longitud":"-62.2717301","direccion":"Undiano 1000"}}', NULL, '6', '2012-10-04 01:38:49'),
	('506d12d9-4120-4fc6-8dcc-42b15dbd255d', 'CREATE', 'Answer', '226', '{"Answer":{"id":"226","patient_id":"506d12d9-92ec-479d-8287-42b15dbd255d","question_id":"4","valor":true}}', NULL, '6', '2012-10-04 01:38:49'),
	('506d12d9-7008-4f49-8841-42b15dbd255d', 'CREATE', 'Answer', '223', '{"Answer":{"id":"223","patient_id":"506d12d9-92ec-479d-8287-42b15dbd255d","question_id":"1","valor":false}}', NULL, '6', '2012-10-04 01:38:49'),
	('506d12d9-f13c-4ab8-98e5-42b15dbd255d', 'CREATE', 'Answer', '224', '{"Answer":{"id":"224","patient_id":"506d12d9-92ec-479d-8287-42b15dbd255d","question_id":"2","valor":false}}', NULL, '6', '2012-10-04 01:38:49'),
	('506d12d9-f60c-4816-b161-42b15dbd255d', 'CREATE', 'Patient', '506d12d9-92ec-479d-8287-42b15dbd255d', '{"Patient":{"id":"506d12d9-92ec-479d-8287-42b15dbd255d","iniciales":"DF","fecha_nacimiento":"20\\/07\\/1934","sexo":"F","address_particular_id":"106","address_laboral_id":"107","nro_documento":"310de3b7a763c5af66f840fc073618202b798434883cafc4679af4b8827bd62d","created":"2012-10-04 01:38:49","modified":"2012-10-04 01:38:49","peso":"85.00","altura":"1.65","vive":true,"fecha_defuncion":null,"job_id":"4","edad":"78"}}', NULL, '6', '2012-10-04 01:38:49'),
	('506d1307-9de8-4832-a8b7-41375dbd255d', 'CREATE', 'OmsRegister', '63', '{"OmsRegister":{"id":"63","patient_id":"506d12d9-92ec-479d-8287-42b15dbd255d","medic_id":"1","address_part_id":"106","address_lab_id":"107","oms_code_id":"103","estadio":"1","fecha":"04\\/10\\/2012"}}', NULL, '6', '2012-10-04 01:39:35'),
	('506d1433-5540-4f29-a648-428b5dbd255d', 'CREATE', 'Answer', '227', '{"Answer":{"id":"227","patient_id":"506d1433-2724-4c61-9b2c-428b5dbd255d","question_id":"1","valor":true}}', NULL, '6', '2012-10-04 01:44:35'),
	('506d1433-5f7c-4a60-be1e-428b5dbd255d', 'CREATE', 'Answer', '229', '{"Answer":{"id":"229","patient_id":"506d1433-2724-4c61-9b2c-428b5dbd255d","question_id":"3","valor":false}}', NULL, '6', '2012-10-04 01:44:35'),
	('506d1433-83ac-4c67-90f3-428b5dbd255d', 'CREATE', 'Patient', '506d1433-2724-4c61-9b2c-428b5dbd255d', '{"Patient":{"id":"506d1433-2724-4c61-9b2c-428b5dbd255d","iniciales":"MO","fecha_nacimiento":"07\\/02\\/1932","sexo":"F","address_particular_id":"108","address_laboral_id":"109","nro_documento":"5862bf4a9a873de5093cc7af9a888d7b0fdaf1a4cfb7251f8efc4d687a9e9088","created":"2012-10-04 01:44:35","modified":"2012-10-04 01:44:35","peso":"65.00","altura":"1.70","vive":false,"fecha_defuncion":null,"job_id":"1","edad":"80"}}', NULL, '6', '2012-10-04 01:44:35'),
	('506d1433-9128-4c14-9a33-428b5dbd255d', 'CREATE', 'Primary', '108', '{"Primary":{"id":"108","city_id":"1","latitud":"-38.7054641","longitud":"-62.2566587","direccion":"Witcomb 300"}}', NULL, '6', '2012-10-04 01:44:35'),
	('506d1433-959c-4b2a-8b16-428b5dbd255d', 'CREATE', 'Answer', '228', '{"Answer":{"id":"228","patient_id":"506d1433-2724-4c61-9b2c-428b5dbd255d","question_id":"2","valor":false}}', NULL, '6', '2012-10-04 01:44:35'),
	('506d1433-b554-4715-b6af-428b5dbd255d', 'CREATE', 'Answer', '230', '{"Answer":{"id":"230","patient_id":"506d1433-2724-4c61-9b2c-428b5dbd255d","question_id":"4","valor":false}}', NULL, '6', '2012-10-04 01:44:35'),
	('506d1433-cae0-4142-b351-428b5dbd255d', 'CREATE', 'Secondary', '109', '{"Secondary":{"id":"109","city_id":"1","latitud":"-38.7438583","longitud":"-62.208046","direccion":"Lainez"}}', NULL, '6', '2012-10-04 01:44:35'),
	('506d1450-a0d4-4620-82d0-42b15dbd255d', 'CREATE', 'OmsRegister', '64', '{"OmsRegister":{"id":"64","patient_id":"506d1433-2724-4c61-9b2c-428b5dbd255d","medic_id":"1","address_part_id":"108","address_lab_id":"109","oms_code_id":"67","estadio":"4","fecha":"04\\/10\\/2012"}}', NULL, '6', '2012-10-04 01:45:04'),
	('506d14a8-d8fc-448a-812e-44185dbd255d', 'CREATE', 'Primary', '110', '{"Primary":{"id":"110","city_id":"1","latitud":"-38.7328001","longitud":"-62.2536387","direccion":"Saavedra 1400"}}', NULL, '6', '2012-10-04 01:46:32'),
	('506d14a9-0abc-4e59-8935-44185dbd255d', 'CREATE', 'Patient', '506d14a9-72e4-4c3e-bb9a-44185dbd255d', '{"Patient":{"id":"506d14a9-72e4-4c3e-bb9a-44185dbd255d","iniciales":"PI","fecha_nacimiento":"10\\/05\\/1955","sexo":"M","address_particular_id":"110","address_laboral_id":"111","nro_documento":"a9f3cffff1ffdb3112beb9bb068f0cab75959a6945c078cf637d9c61ef70fec3","created":"2012-10-04 01:46:33","modified":"2012-10-04 01:46:33","peso":"100.00","altura":"1.78","vive":true,"fecha_defuncion":null,"job_id":"4","edad":"57"}}', NULL, '6', '2012-10-04 01:46:33'),
	('506d14a9-6108-4ca7-a60f-44185dbd255d', 'CREATE', 'Answer', '231', '{"Answer":{"id":"231","patient_id":"506d14a9-72e4-4c3e-bb9a-44185dbd255d","question_id":"1","valor":true}}', NULL, '6', '2012-10-04 01:46:33'),
	('506d14a9-c298-4e0f-80b8-44185dbd255d', 'CREATE', 'Answer', '232', '{"Answer":{"id":"232","patient_id":"506d14a9-72e4-4c3e-bb9a-44185dbd255d","question_id":"2","valor":true}}', NULL, '6', '2012-10-04 01:46:33'),
	('506d14a9-eabc-489f-9cd1-44185dbd255d', 'CREATE', 'Answer', '233', '{"Answer":{"id":"233","patient_id":"506d14a9-72e4-4c3e-bb9a-44185dbd255d","question_id":"3","valor":false}}', NULL, '6', '2012-10-04 01:46:33'),
	('506d14a9-f6fc-47ab-8bdf-44185dbd255d', 'CREATE', 'Secondary', '111', '{"Secondary":{"id":"111","city_id":"1","latitud":"-38.7348477","longitud":"-62.2696009","direccion":"25 de Mayo 1000"}}', NULL, '6', '2012-10-04 01:46:33'),
	('506d14cc-0e00-4d59-8c22-42b15dbd255d', 'CREATE', 'OmsRegister', '65', '{"OmsRegister":{"id":"65","patient_id":"506d14a9-72e4-4c3e-bb9a-44185dbd255d","medic_id":"1","address_part_id":"110","address_lab_id":"111","oms_code_id":"175","estadio":"2","fecha":"04\\/10\\/2012"}}', NULL, '6', '2012-10-04 01:47:08'),
	('506d152c-0cf4-464f-94c1-43f15dbd255d', 'CREATE', 'Secondary', '113', '{"Secondary":{"id":"113","city_id":"1","latitud":"-38.7366262","longitud":"-62.2740395","direccion":"Tte. Farias 700"}}', NULL, '6', '2012-10-04 01:48:44'),
	('506d152c-5148-482a-88ae-43f15dbd255d', 'CREATE', 'Answer', '234', '{"Answer":{"id":"234","patient_id":"506d152c-8fe4-4d7e-99c8-43f15dbd255d","question_id":"1","valor":true}}', NULL, '6', '2012-10-04 01:48:44'),
	('506d152c-79f0-43cf-842c-43f15dbd255d', 'CREATE', 'Patient', '506d152c-8fe4-4d7e-99c8-43f15dbd255d', '{"Patient":{"id":"506d152c-8fe4-4d7e-99c8-43f15dbd255d","iniciales":"OI","fecha_nacimiento":"05\\/03\\/1946","sexo":"M","address_particular_id":"112","address_laboral_id":"113","nro_documento":"cd393f445b1a21229e8c4f8dd756de62abb4d1b73164f5c9fe85da1aa28ebaf3","created":"2012-10-04 01:48:44","modified":"2012-10-04 01:48:44","peso":"130.00","altura":"1.80","vive":true,"fecha_defuncion":null,"job_id":"1","edad":"66"}}', NULL, '6', '2012-10-04 01:48:44'),
	('506d152c-99e4-49c9-8dc0-43f15dbd255d', 'CREATE', 'Answer', '235', '{"Answer":{"id":"235","patient_id":"506d152c-8fe4-4d7e-99c8-43f15dbd255d","question_id":"2","valor":false}}', NULL, '6', '2012-10-04 01:48:44'),
	('506d152c-a718-4c67-a101-43f15dbd255d', 'CREATE', 'Primary', '112', '{"Primary":{"id":"112","city_id":"1","latitud":"-38.7334536","longitud":"-62.2982118","direccion":"Patricios 4400"}}', NULL, '6', '2012-10-04 01:48:44'),
	('506d152c-ee90-4592-9e29-43f15dbd255d', 'CREATE', 'Answer', '236', '{"Answer":{"id":"236","patient_id":"506d152c-8fe4-4d7e-99c8-43f15dbd255d","question_id":"3","valor":false}}', NULL, '6', '2012-10-04 01:48:44'),
	('506d1567-a0ec-4a6c-950d-428b5dbd255d', 'CREATE', 'OmsRegister', '66', '{"OmsRegister":{"id":"66","patient_id":"506d152c-8fe4-4d7e-99c8-43f15dbd255d","medic_id":"1","address_part_id":"112","address_lab_id":"113","oms_code_id":"115","estadio":"0","fecha":"04\\/10\\/2012"}}', NULL, '6', '2012-10-04 01:49:43'),
	('506d15d9-3774-4eb0-bcd6-428b5dbd255d', 'CREATE', 'Answer', '238', '{"Answer":{"id":"238","patient_id":"506d15d9-30c8-422a-a928-428b5dbd255d","question_id":"2","valor":false}}', NULL, '6', '2012-10-04 01:51:37'),
	('506d15d9-7238-4248-9d93-428b5dbd255d', 'CREATE', 'Patient', '506d15d9-30c8-422a-a928-428b5dbd255d', '{"Patient":{"id":"506d15d9-30c8-422a-a928-428b5dbd255d","iniciales":"KJ","fecha_nacimiento":"07\\/03\\/1938","sexo":"M","address_particular_id":"114","address_laboral_id":"115","nro_documento":"45cbad3ff4dfe7874d02dcaf6df9fc0b406bf64666403f6ec236a1032797dfc8","created":"2012-10-04 01:51:37","modified":"2012-10-04 01:51:37","peso":"75.00","altura":"1.80","vive":true,"fecha_defuncion":null,"job_id":"4","edad":"74"}}', NULL, '6', '2012-10-04 01:51:37'),
	('506d15d9-bce4-4891-a71c-428b5dbd255d', 'CREATE', 'Answer', '237', '{"Answer":{"id":"237","patient_id":"506d15d9-30c8-422a-a928-428b5dbd255d","question_id":"1","valor":false}}', NULL, '6', '2012-10-04 01:51:37'),
	('506d15d9-c608-43fe-8b30-428b5dbd255d', 'CREATE', 'Primary', '114', '{"Primary":{"id":"114","city_id":"1","latitud":"-38.6805223","longitud":"-62.2951159","direccion":"Av Alem 3700"}}', NULL, '6', '2012-10-04 01:51:37'),
	('506d15d9-d038-4b15-a581-428b5dbd255d', 'CREATE', 'Secondary', '115', '{"Secondary":{"id":"115","city_id":"1","latitud":"-38.7055293","longitud":"-62.2301673","direccion":"Pellegrini 1600"}}', NULL, '6', '2012-10-04 01:51:37'),
	('506d15f6-b198-4f43-8cf4-45295dbd255d', 'CREATE', 'OmsRegister', '67', '{"OmsRegister":{"id":"67","patient_id":"506d15d9-30c8-422a-a928-428b5dbd255d","medic_id":"1","address_part_id":"114","address_lab_id":"115","oms_code_id":"13","estadio":"2","fecha":"04\\/10\\/2012"}}', NULL, '6', '2012-10-04 01:52:06'),
	('506d1669-21c4-4207-8544-45305dbd255d', 'CREATE', 'Answer', '239', '{"Answer":{"id":"239","patient_id":"506d1669-a098-4f64-b20b-45305dbd255d","question_id":"1","valor":true}}', NULL, '6', '2012-10-04 01:54:01'),
	('506d1669-45c4-4d1a-af75-45305dbd255d', 'CREATE', 'Patient', '506d1669-a098-4f64-b20b-45305dbd255d', '{"Patient":{"id":"506d1669-a098-4f64-b20b-45305dbd255d","iniciales":"MS","fecha_nacimiento":"02\\/02\\/1931","sexo":"M","address_particular_id":"116","address_laboral_id":"117","nro_documento":"e36f7113bbd0ef6f6c71ce289ef249f1f1bd8b8e4f870358a1b4e5a58ac092f0","created":"2012-10-04 01:54:01","modified":"2012-10-04 01:54:01","peso":"98.00","altura":"1.98","vive":true,"fecha_defuncion":null,"job_id":"1","edad":"81"}}', NULL, '6', '2012-10-04 01:54:01'),
	('506d1669-7990-4dc6-af9b-45305dbd255d', 'CREATE', 'Primary', '116', '{"Primary":{"id":"116","city_id":"1","latitud":"-38.7367986","longitud":"-62.2395056","direccion":"Necochea 200"}}', NULL, '6', '2012-10-04 01:54:01'),
	('506d1669-82f0-4684-a784-45305dbd255d', 'CREATE', 'Answer', '240', '{"Answer":{"id":"240","patient_id":"506d1669-a098-4f64-b20b-45305dbd255d","question_id":"2","valor":true}}', NULL, '6', '2012-10-04 01:54:01'),
	('506d1669-af60-4dbb-abe9-45305dbd255d', 'CREATE', 'Secondary', '117', '{"Secondary":{"id":"117","city_id":"1","latitud":"-38.7020461","longitud":"-62.2566626","direccion":"La Falda 500"}}', NULL, '6', '2012-10-04 01:54:01'),
	('506d1669-b0f0-42eb-8364-45305dbd255d', 'CREATE', 'Answer', '241', '{"Answer":{"id":"241","patient_id":"506d1669-a098-4f64-b20b-45305dbd255d","question_id":"3","valor":false}}', NULL, '6', '2012-10-04 01:54:01'),
	('506d167f-df58-417d-a499-44175dbd255d', 'CREATE', 'OmsRegister', '68', '{"OmsRegister":{"id":"68","patient_id":"506d1669-a098-4f64-b20b-45305dbd255d","medic_id":"1","address_part_id":"116","address_lab_id":"117","oms_code_id":"71","estadio":"2","fecha":"04\\/10\\/2012"}}', NULL, '6', '2012-10-04 01:54:23'),
	('506d16e3-a620-4b2a-a900-428b5dbd255d', 'CREATE', 'Secondary', '119', '{"Secondary":{"id":"119","city_id":"1","latitud":"-38.721849","longitud":"-62.2795358","direccion":"Roca 700"}}', NULL, '6', '2012-10-04 01:56:03'),
	('506d16e3-efa4-4f49-8924-428b5dbd255d', 'CREATE', 'Primary', '118', '{"Primary":{"id":"118","city_id":"1","latitud":"-38.7157306","longitud":"-62.2740658","direccion":"Blandengues 100"}}', NULL, '6', '2012-10-04 01:56:03'),
	('506d16e4-1b78-4a3d-9e01-428b5dbd255d', 'CREATE', 'Answer', '242', '{"Answer":{"id":"242","patient_id":"506d16e3-2014-4901-826b-428b5dbd255d","question_id":"1","valor":true}}', NULL, '6', '2012-10-04 01:56:04'),
	('506d16e4-1fa4-4c99-a340-428b5dbd255d', 'CREATE', 'Patient', '506d16e3-2014-4901-826b-428b5dbd255d', '{"Patient":{"id":"506d16e3-2014-4901-826b-428b5dbd255d","iniciales":"PR","fecha_nacimiento":"12\\/04\\/1932","sexo":"M","address_particular_id":"118","address_laboral_id":"119","nro_documento":"5d182aa1358738b236c381230fb1b267cb7937429284def4a12559514f76522c","created":"2012-10-04 01:56:03","modified":"2012-10-04 01:56:03","peso":"80.00","altura":"1.80","vive":false,"fecha_defuncion":"02\\/10\\/2007","job_id":"1","edad":"80"}}', NULL, '6', '2012-10-04 01:56:04'),
	('506e5f59-0054-4767-97bf-25f25dbd255d', 'CREATE', 'Secondary', '121', '{"Secondary":{"id":"121","city_id":"1","latitud":"-38.7342873","longitud":"-62.2321014","direccion":"S\\u00f3crates"}}', NULL, '6', '2012-10-05 01:17:29'),
	('506e5f59-0b74-498b-a7fc-25f25dbd255d', 'CREATE', 'Answer', '245', '{"Answer":{"id":"245","patient_id":"506e5f59-90f0-4abb-949a-25f25dbd255d","question_id":"3","valor":true}}', NULL, '6', '2012-10-05 01:17:29'),
	('506e5f59-0c58-431b-b651-25f25dbd255d', 'CREATE', 'Patient', '506e5f59-90f0-4abb-949a-25f25dbd255d', '{"Patient":{"id":"506e5f59-90f0-4abb-949a-25f25dbd255d","iniciales":"HH","fecha_nacimiento":"29\\/09\\/1931","sexo":"F","address_particular_id":"120","address_laboral_id":"121","nro_documento":"ca57c96fbdb9bfee4141370b115e91c52f82a95a515c3f710e469723a3316873","created":"2012-10-05 01:17:29","modified":"2012-10-05 01:17:29","peso":"78.00","altura":"1.75","vive":false,"fecha_defuncion":"31\\/08\\/2011","job_id":"3","edad":"81"}}', NULL, '6', '2012-10-05 01:17:29'),
	('506e5f59-9bac-4c7b-aba7-25f25dbd255d', 'CREATE', 'Answer', '244', '{"Answer":{"id":"244","patient_id":"506e5f59-90f0-4abb-949a-25f25dbd255d","question_id":"2","valor":false}}', NULL, '6', '2012-10-05 01:17:29'),
	('506e5f59-f64c-4902-945c-25f25dbd255d', 'CREATE', 'Primary', '120', '{"Primary":{"id":"120","city_id":"1","latitud":"-38.7190606","longitud":"-62.2516587","direccion":"Darwin 600"}}', NULL, '6', '2012-10-05 01:17:29'),
	('506e5f59-fc00-4efd-aa2f-25f25dbd255d', 'CREATE', 'Answer', '243', '{"Answer":{"id":"243","patient_id":"506e5f59-90f0-4abb-949a-25f25dbd255d","question_id":"1","valor":false}}', NULL, '6', '2012-10-05 01:17:29'),
	('506e5f6d-a42c-4126-8647-25ed5dbd255d', 'CREATE', 'OmsRegister', '69', '{"OmsRegister":{"id":"69","patient_id":"506e5f59-90f0-4abb-949a-25f25dbd255d","medic_id":"1","address_part_id":"120","address_lab_id":"121","oms_code_id":"77","estadio":"3","fecha":"05\\/10\\/2012"}}', NULL, '6', '2012-10-05 01:17:49'),
	('506e5fe4-7b48-4430-adc3-25ed5dbd255d', 'CREATE', 'Secondary', '123', '{"Secondary":{"id":"123","city_id":"1","latitud":"-38.7334536","longitud":"-62.2982118","direccion":"Patricios 4000"}}', NULL, '6', '2012-10-05 01:19:48'),
	('506e5fe4-d4d0-48ef-939c-25ed5dbd255d', 'CREATE', 'Patient', '506e5fe4-c210-44d0-9f07-25ed5dbd255d', '{"Patient":{"id":"506e5fe4-c210-44d0-9f07-25ed5dbd255d","iniciales":"OI","fecha_nacimiento":"06\\/06\\/1932","sexo":"M","address_particular_id":"122","address_laboral_id":"123","nro_documento":"cbf67761255988277ef8fb40c26308ce2677e43776bc10ccc0b10d6507725e74","created":"2012-10-05 01:19:48","modified":"2012-10-05 01:19:48","peso":"78.00","altura":"1.78","vive":true,"fecha_defuncion":null,"job_id":"5","edad":"80"}}', NULL, '6', '2012-10-05 01:19:48'),
	('506e5fe4-d7d4-4e47-96e6-25ed5dbd255d', 'CREATE', 'Primary', '122', '{"Primary":{"id":"122","city_id":"1","latitud":"-38.6855174","longitud":"-62.2889656","direccion":"Av Alem 3000"}}', NULL, '6', '2012-10-05 01:19:48'),
	('506e5ffe-2ef0-40ad-8f91-25f15dbd255d', 'CREATE', 'OmsRegister', '70', '{"OmsRegister":{"id":"70","patient_id":"506e5fe4-c210-44d0-9f07-25ed5dbd255d","medic_id":"1","address_part_id":"122","address_lab_id":"123","oms_code_id":"69","estadio":"1","fecha":"05\\/10\\/2012"}}', NULL, '6', '2012-10-05 01:20:14'),
	('506e60c4-79f8-451d-9ce0-25ed5dbd255d', 'CREATE', 'Answer', '247', '{"Answer":{"id":"247","patient_id":"506e60c4-1c8c-4273-a0f8-25ed5dbd255d","question_id":"2","valor":false}}', NULL, '6', '2012-10-05 01:23:32'),
	('506e60c4-8404-4059-9c1f-25ed5dbd255d', 'CREATE', 'Patient', '506e60c4-1c8c-4273-a0f8-25ed5dbd255d', '{"Patient":{"id":"506e60c4-1c8c-4273-a0f8-25ed5dbd255d","iniciales":"FG","fecha_nacimiento":"23\\/08\\/1948","sexo":"M","address_particular_id":"124","address_laboral_id":"125","nro_documento":"40d658468d26b2054522072d85c6acc004c2f2222db64d1ff2e00165acb32c68","created":"2012-10-05 01:23:32","modified":"2012-10-05 01:23:32","peso":"98.00","altura":"1.80","vive":true,"fecha_defuncion":null,"job_id":"5","edad":"64"}}', NULL, '6', '2012-10-05 01:23:32'),
	('506e60c4-97c0-4def-9108-25ed5dbd255d', 'CREATE', 'Primary', '124', '{"Primary":{"id":"124","city_id":"1","latitud":"-38.732097","longitud":"-62.2986715","direccion":"Holdich 3000"}}', NULL, '6', '2012-10-05 01:23:32'),
	('506e60c4-a4a4-4e57-b100-25ed5dbd255d', 'CREATE', 'Answer', '246', '{"Answer":{"id":"246","patient_id":"506e60c4-1c8c-4273-a0f8-25ed5dbd255d","question_id":"1","valor":true}}', NULL, '6', '2012-10-05 01:23:32'),
	('506e60c4-b10c-4956-893d-25ed5dbd255d', 'CREATE', 'Secondary', '125', '{"Secondary":{"id":"125","city_id":"1","latitud":"-38.7166136","longitud":"-62.2751662","direccion":"G\\u00fcemes 500"}}', NULL, '6', '2012-10-05 01:23:32'),
	('506e60ff-6384-4a54-bc0e-25945dbd255d', 'CREATE', 'OmsRegister', '71', '{"OmsRegister":{"id":"71","patient_id":"506e60c4-1c8c-4273-a0f8-25ed5dbd255d","medic_id":"1","address_part_id":"124","address_lab_id":"125","oms_code_id":"81","estadio":"3","fecha":"05\\/10\\/2012"}}', NULL, '6', '2012-10-05 01:24:31'),
	('506e615f-86f0-4fbe-9a55-25ca5dbd255d', 'CREATE', 'Answer', '250', '{"Answer":{"id":"250","patient_id":"506e615f-74e0-4ae6-9dd8-25ca5dbd255d","question_id":"3","valor":true}}', NULL, '6', '2012-10-05 01:26:07'),
	('506e615f-b42c-4388-8eb9-25ca5dbd255d', 'CREATE', 'Answer', '248', '{"Answer":{"id":"248","patient_id":"506e615f-74e0-4ae6-9dd8-25ca5dbd255d","question_id":"1","valor":true}}', NULL, '6', '2012-10-05 01:26:07'),
	('506e615f-b644-4f41-8925-25ca5dbd255d', 'CREATE', 'Primary', '126', '{"Primary":{"id":"126","city_id":"1","latitud":"-38.7201705","longitud":"-62.283911","direccion":"Holdich 800"}}', NULL, '6', '2012-10-05 01:26:07'),
	('506e615f-ed1c-4108-b6e3-25ca5dbd255d', 'CREATE', 'Answer', '249', '{"Answer":{"id":"249","patient_id":"506e615f-74e0-4ae6-9dd8-25ca5dbd255d","question_id":"2","valor":false}}', NULL, '6', '2012-10-05 01:26:07'),
	('506e615f-f940-4860-be34-25ca5dbd255d', 'CREATE', 'Patient', '506e615f-74e0-4ae6-9dd8-25ca5dbd255d', '{"Patient":{"id":"506e615f-74e0-4ae6-9dd8-25ca5dbd255d","iniciales":"HG","fecha_nacimiento":"25\\/08\\/1939","sexo":"M","address_particular_id":"126","address_laboral_id":"127","nro_documento":"3375f2bae119360d6f60b47d4fff6b01de49b28e1717857b32cbbac9218c04f4","created":"2012-10-05 01:26:07","modified":"2012-10-05 01:26:07","peso":"0.00","altura":"0.00","vive":true,"fecha_defuncion":null,"job_id":"1","edad":"73"}}', NULL, '6', '2012-10-05 01:26:07'),
	('506e615f-fd44-4d37-8f26-25ca5dbd255d', 'CREATE', 'Secondary', '127', '{"Secondary":{"id":"127","city_id":"1","latitud":"-38.6918675","longitud":"-62.2808515","direccion":"Mallea 700"}}', NULL, '6', '2012-10-05 01:26:07'),
	('506e6179-8338-4993-a853-25ca5dbd255d', 'EDIT', 'Patient', '506e615f-74e0-4ae6-9dd8-25ca5dbd255d', '{"Patient":{"id":"506e615f-74e0-4ae6-9dd8-25ca5dbd255d","iniciales":"HG","fecha_nacimiento":"25\\/08\\/1939","sexo":"M","address_particular_id":"126","address_laboral_id":"127","nro_documento":"3375f2bae119360d6f60b47d4fff6b01de49b28e1717857b32cbbac9218c04f4","created":"2012-10-05 01:26:07","modified":"2012-10-05 01:26:32","peso":"65.00","altura":"1.70","vive":true,"fecha_defuncion":null,"job_id":"1","edad":"73"}}', NULL, '6', '2012-10-05 01:26:33'),
	('506e618f-916c-457d-9873-25f15dbd255d', 'CREATE', 'OmsRegister', '72', '{"OmsRegister":{"id":"72","patient_id":"506e615f-74e0-4ae6-9dd8-25ca5dbd255d","medic_id":"1","address_part_id":"126","address_lab_id":"127","oms_code_id":"10","estadio":"0","fecha":"05\\/10\\/2012"}}', NULL, '6', '2012-10-05 01:26:55'),
	('506e61e0-6718-4e35-805f-25f25dbd255d', 'CREATE', 'Secondary', '129', '{"Secondary":{"id":"129","city_id":"1","latitud":"-38.7370127","longitud":"-62.2545153","direccion":"Thompson 1600"}}', NULL, '6', '2012-10-05 01:28:16'),
	('506e61e0-6818-4cd0-ae28-25f25dbd255d', 'CREATE', 'Primary', '128', '{"Primary":{"id":"128","city_id":"1","latitud":"-38.7320287","longitud":"-62.2878001","direccion":"Jujuy 200"}}', NULL, '6', '2012-10-05 01:28:16'),
	('506e61e1-956c-4c68-84b8-25f25dbd255d', 'CREATE', 'Answer', '251', '{"Answer":{"id":"251","patient_id":"506e61e0-ab88-41c4-b5d3-25f25dbd255d","question_id":"1","valor":true}}', NULL, '6', '2012-10-05 01:28:17'),
	('506e61e1-c694-46ce-8794-25f25dbd255d', 'CREATE', 'Patient', '506e61e0-ab88-41c4-b5d3-25f25dbd255d', '{"Patient":{"id":"506e61e0-ab88-41c4-b5d3-25f25dbd255d","iniciales":"NN","fecha_nacimiento":"09\\/03\\/1933","sexo":"M","address_particular_id":"128","address_laboral_id":"129","nro_documento":"3a8203731509b96ec8e2302f6fa27dfbbb93782f18a5f3b1ba481b40a9a014ec","created":"2012-10-05 01:28:16","modified":"2012-10-05 01:28:16","peso":"87.00","altura":"1.85","vive":true,"fecha_defuncion":null,"job_id":"1","edad":"79"}}', NULL, '6', '2012-10-05 01:28:17'),
	('506e61e1-fe04-4cf0-930a-25f25dbd255d', 'CREATE', 'Answer', '252', '{"Answer":{"id":"252","patient_id":"506e61e0-ab88-41c4-b5d3-25f25dbd255d","question_id":"2","valor":false}}', NULL, '6', '2012-10-05 01:28:17'),
	('506e61f6-36e8-4539-a524-268b5dbd255d', 'CREATE', 'OmsRegister', '73', '{"OmsRegister":{"id":"73","patient_id":"506e61e0-ab88-41c4-b5d3-25f25dbd255d","medic_id":"1","address_part_id":"128","address_lab_id":"129","oms_code_id":"38","estadio":"3","fecha":"05\\/10\\/2012"}}', NULL, '6', '2012-10-05 01:28:38'),
	('506e6252-011c-424e-8c07-268b5dbd255d', 'CREATE', 'Secondary', '131', '{"Secondary":{"id":"131","city_id":"1","latitud":"-38.6920191","longitud":"-62.2791518","direccion":"12 de Octubre 2100"}}', NULL, '6', '2012-10-05 01:30:10'),
	('506e6252-0964-4c77-ae1d-268b5dbd255d', 'CREATE', 'Answer', '254', '{"Answer":{"id":"254","patient_id":"506e6252-7af4-47b5-93b6-268b5dbd255d","question_id":"2","valor":true}}', NULL, '6', '2012-10-05 01:30:10'),
	('506e6252-26ec-4c6f-815e-268b5dbd255d', 'CREATE', 'Primary', '130', '{"Primary":{"id":"130","city_id":"1","latitud":"-38.6931992","longitud":"-62.2788658","direccion":"Cuyo"}}', NULL, '6', '2012-10-05 01:30:10'),
	('506e6252-84e8-4d49-bad6-268b5dbd255d', 'CREATE', 'Answer', '255', '{"Answer":{"id":"255","patient_id":"506e6252-7af4-47b5-93b6-268b5dbd255d","question_id":"3","valor":false}}', NULL, '6', '2012-10-05 01:30:10'),
	('506e6252-c8c0-408f-96f7-268b5dbd255d', 'CREATE', 'Answer', '253', '{"Answer":{"id":"253","patient_id":"506e6252-7af4-47b5-93b6-268b5dbd255d","question_id":"1","valor":true}}', NULL, '6', '2012-10-05 01:30:10'),
	('506e6252-e014-4553-8fc0-268b5dbd255d', 'CREATE', 'Patient', '506e6252-7af4-47b5-93b6-268b5dbd255d', '{"Patient":{"id":"506e6252-7af4-47b5-93b6-268b5dbd255d","iniciales":"RR","fecha_nacimiento":"20\\/06\\/1935","sexo":"F","address_particular_id":"130","address_laboral_id":"131","nro_documento":"c18240bdf55ab1daccd6396231a0f8d654cf0bdf5906631a20554949b5d6b97f","created":"2012-10-05 01:30:10","modified":"2012-10-05 01:30:10","peso":"65.00","altura":"1.69","vive":true,"fecha_defuncion":null,"job_id":"4","edad":"77"}}', NULL, '6', '2012-10-05 01:30:10'),
	('506e6272-1408-4555-b924-25f25dbd255d', 'CREATE', 'OmsRegister', '74', '{"OmsRegister":{"id":"74","patient_id":"506e6252-7af4-47b5-93b6-268b5dbd255d","medic_id":"1","address_part_id":"130","address_lab_id":"131","oms_code_id":"110","estadio":"0","fecha":"05\\/10\\/2012"}}', NULL, '6', '2012-10-05 01:30:42'),
	('506e62ba-0e10-4a01-8580-25f15dbd255d', 'CREATE', 'Secondary', '133', '{"Secondary":{"id":"133","city_id":"1","latitud":"-38.703643","longitud":"-62.2524238","direccion":"Rodr\\u00edguez 1500"}}', NULL, '6', '2012-10-05 01:31:54'),
	('506e62ba-25c4-40e0-88d2-25f15dbd255d', 'CREATE', 'Answer', '257', '{"Answer":{"id":"257","patient_id":"506e62ba-9f38-473f-ba11-25f15dbd255d","question_id":"2","valor":true}}', NULL, '6', '2012-10-05 01:31:54'),
	('506e62ba-79a8-43c3-9428-25f15dbd255d', 'CREATE', 'Answer', '258', '{"Answer":{"id":"258","patient_id":"506e62ba-9f38-473f-ba11-25f15dbd255d","question_id":"3","valor":true}}', NULL, '6', '2012-10-05 01:31:54'),
	('506e62ba-9be4-4fb6-bc5c-25f15dbd255d', 'CREATE', 'Patient', '506e62ba-9f38-473f-ba11-25f15dbd255d', '{"Patient":{"id":"506e62ba-9f38-473f-ba11-25f15dbd255d","iniciales":"AAL","fecha_nacimiento":"18\\/05\\/1944","sexo":"F","address_particular_id":"132","address_laboral_id":"133","nro_documento":"de9b2f85cfd555d08bb3881383fdb0d15dcf8fb7404f4fc6bb7c37753c720b76","created":"2012-10-05 01:31:54","modified":"2012-10-05 01:31:54","peso":"0.00","altura":"0.00","vive":false,"fecha_defuncion":null,"job_id":"1","edad":"68"}}', NULL, '6', '2012-10-05 01:31:54'),
	('506e62ba-9c18-4327-aadc-25f15dbd255d', 'CREATE', 'Primary', '132', '{"Primary":{"id":"132","city_id":"1","latitud":"-38.753854","longitud":"-62.2271686","direccion":"Saavedra 4000"}}', NULL, '6', '2012-10-05 01:31:54'),
	('506e62ba-a104-4192-a552-25f15dbd255d', 'CREATE', 'Answer', '259', '{"Answer":{"id":"259","patient_id":"506e62ba-9f38-473f-ba11-25f15dbd255d","question_id":"4","valor":true}}', NULL, '6', '2012-10-05 01:31:54'),
	('506e62ba-f120-484e-a5fe-25f15dbd255d', 'CREATE', 'Answer', '256', '{"Answer":{"id":"256","patient_id":"506e62ba-9f38-473f-ba11-25f15dbd255d","question_id":"1","valor":true}}', NULL, '6', '2012-10-05 01:31:54'),
	('506e62cc-9f14-4fa4-9126-25ca5dbd255d', 'EDIT', 'Patient', '506e62ba-9f38-473f-ba11-25f15dbd255d', '{"Patient":{"id":"506e62ba-9f38-473f-ba11-25f15dbd255d","iniciales":"AAL","fecha_nacimiento":"18\\/05\\/1944","sexo":"F","address_particular_id":"132","address_laboral_id":"133","nro_documento":"de9b2f85cfd555d08bb3881383fdb0d15dcf8fb7404f4fc6bb7c37753c720b76","created":"2012-10-05 01:31:54","modified":"2012-10-05 01:32:11","peso":"70.00","altura":"1.70","vive":false,"fecha_defuncion":null,"job_id":"1","edad":"68"}}', NULL, '6', '2012-10-05 01:32:12'),
	('506e62df-08d4-4774-ae73-268b5dbd255d', 'CREATE', 'OmsRegister', '75', '{"OmsRegister":{"id":"75","patient_id":"506e62ba-9f38-473f-ba11-25f15dbd255d","medic_id":"1","address_part_id":"132","address_lab_id":"133","oms_code_id":"103","estadio":"0","fecha":"05\\/10\\/2012"}}', NULL, '6', '2012-10-05 01:32:31'),
	('506e6313-0930-4d36-84e1-25ca5dbd255d', 'CREATE', 'Patient', '506e6313-4b48-4de1-8950-25ca5dbd255d', '{"Patient":{"id":"506e6313-4b48-4de1-8950-25ca5dbd255d","iniciales":"HHG","fecha_nacimiento":"08\\/03\\/1945","sexo":"M","address_particular_id":"134","address_laboral_id":"135","nro_documento":"e3c0e8676b13fc2fd0923b9fec01c02f49d748151b9493f003e809b31eb4e3d6","created":"2012-10-05 01:33:23","modified":"2012-10-05 01:33:23","peso":"0.00","altura":"0.00","vive":true,"fecha_defuncion":null,"job_id":"1","edad":"67"}}', NULL, '6', '2012-10-05 01:33:23'),
	('506e6313-19c8-4f17-87a8-25ca5dbd255d', 'CREATE', 'Answer', '261', '{"Answer":{"id":"261","patient_id":"506e6313-4b48-4de1-8950-25ca5dbd255d","question_id":"2","valor":false}}', NULL, '6', '2012-10-05 01:33:23'),
	('506e6313-1eb8-4d1c-a574-25ca5dbd255d', 'CREATE', 'Primary', '134', '{"Primary":{"id":"134","city_id":"1","latitud":"-38.7177429","longitud":"-62.2593727","direccion":"Lamadrid"}}', NULL, '6', '2012-10-05 01:33:23'),
	('506e6313-e624-40b8-986d-25ca5dbd255d', 'CREATE', 'Secondary', '135', '{"Secondary":{"id":"135","city_id":"1","latitud":"-38.6874626","longitud":"-62.2956634","direccion":"Zapiola 4000"}}', NULL, '6', '2012-10-05 01:33:23'),
	('506e6313-f77c-4df2-b5e4-25ca5dbd255d', 'CREATE', 'Answer', '260', '{"Answer":{"id":"260","patient_id":"506e6313-4b48-4de1-8950-25ca5dbd255d","question_id":"1","valor":true}}', NULL, '6', '2012-10-05 01:33:23'),
	('506e6322-bc34-4d4c-918b-268a5dbd255d', 'EDIT', 'Patient', '506e6313-4b48-4de1-8950-25ca5dbd255d', '{"Patient":{"id":"506e6313-4b48-4de1-8950-25ca5dbd255d","iniciales":"HHG","fecha_nacimiento":"08\\/03\\/1945","sexo":"M","address_particular_id":"134","address_laboral_id":"135","nro_documento":"e3c0e8676b13fc2fd0923b9fec01c02f49d748151b9493f003e809b31eb4e3d6","created":"2012-10-05 01:33:23","modified":"2012-10-05 01:33:38","peso":"80.00","altura":"1.70","vive":true,"fecha_defuncion":null,"job_id":"1","edad":"67"}}', NULL, '6', '2012-10-05 01:33:38'),
	('506e6335-52a0-4094-9fc3-25f15dbd255d', 'CREATE', 'OmsRegister', '76', '{"OmsRegister":{"id":"76","patient_id":"506e6313-4b48-4de1-8950-25ca5dbd255d","medic_id":"1","address_part_id":"134","address_lab_id":"135","oms_code_id":"180","estadio":"0","fecha":"05\\/10\\/2012"}}', NULL, '6', '2012-10-05 01:33:57'),
	('506e6387-35d4-4870-8656-25f15dbd255d', 'CREATE', 'Answer', '262', '{"Answer":{"id":"262","patient_id":"506e6387-c128-4b92-8d0f-25f15dbd255d","question_id":"1","valor":true}}', NULL, '6', '2012-10-05 01:35:19'),
	('506e6387-536c-4b1b-8055-25f15dbd255d', 'CREATE', 'Answer', '263', '{"Answer":{"id":"263","patient_id":"506e6387-c128-4b92-8d0f-25f15dbd255d","question_id":"2","valor":false}}', NULL, '6', '2012-10-05 01:35:19'),
	('506e6387-5ebc-4bdf-883d-25f15dbd255d', 'CREATE', 'Primary', '136', '{"Primary":{"id":"136","city_id":"1","latitud":"-38.6990393","longitud":"-62.3054343","direccion":"Terrada 3000"}}', NULL, '6', '2012-10-05 01:35:19'),
	('506e6387-86e0-49d7-b37f-25f15dbd255d', 'CREATE', 'Secondary', '137', '{"Secondary":{"id":"137","city_id":"1","latitud":"-38.7439849","longitud":"-62.2339805","direccion":"Chiclana 3000"}}', NULL, '6', '2012-10-05 01:35:19'),
	('506e6387-a0cc-4da4-9069-25f15dbd255d', 'CREATE', 'Patient', '506e6387-c128-4b92-8d0f-25f15dbd255d', '{"Patient":{"id":"506e6387-c128-4b92-8d0f-25f15dbd255d","iniciales":"FR","fecha_nacimiento":"11\\/05\\/1937","sexo":"M","address_particular_id":"136","address_laboral_id":"137","nro_documento":"0d49f24d99d483886931ae0fe452ff632295804a6948e1027399a304efc1da38","created":"2012-10-05 01:35:19","modified":"2012-10-05 01:35:19","peso":"0.00","altura":"0.00","vive":true,"fecha_defuncion":null,"job_id":"4","edad":"75"}}', NULL, '6', '2012-10-05 01:35:19'),
	('506e6395-8fb4-4bcb-a8a0-268a5dbd255d', 'EDIT', 'Patient', '506e6387-c128-4b92-8d0f-25f15dbd255d', '{"Patient":{"id":"506e6387-c128-4b92-8d0f-25f15dbd255d","iniciales":"FR","fecha_nacimiento":"11\\/05\\/1937","sexo":"M","address_particular_id":"136","address_laboral_id":"137","nro_documento":"0d49f24d99d483886931ae0fe452ff632295804a6948e1027399a304efc1da38","created":"2012-10-05 01:35:19","modified":"2012-10-05 01:35:33","peso":"69.00","altura":"1.70","vive":true,"fecha_defuncion":null,"job_id":"4","edad":"75"}}', NULL, '6', '2012-10-05 01:35:33'),
	('506e63b9-8740-4ff0-bb57-27215dbd255d', 'CREATE', 'OmsRegister', '77', '{"OmsRegister":{"id":"77","patient_id":"506e6387-c128-4b92-8d0f-25f15dbd255d","medic_id":"1","address_part_id":"136","address_lab_id":"137","oms_code_id":"52","estadio":"3","fecha":"05\\/10\\/2012"}}', NULL, '6', '2012-10-05 01:36:09'),
	('506e63f7-0354-42e2-92de-27225dbd255d', 'CREATE', 'Primary', '138', '{"Primary":{"id":"138","city_id":"1","latitud":"-38.7321012","longitud":"-62.2943155","direccion":"Blandengues 2000"}}', NULL, '6', '2012-10-05 01:37:11'),
	('506e63f7-2a4c-4d33-ba2e-27225dbd255d', 'CREATE', 'Secondary', '139', '{"Secondary":{"id":"139","city_id":"1","latitud":"-38.7334536","longitud":"-62.2982118","direccion":"Patricios 4000"}}', NULL, '6', '2012-10-05 01:37:11'),
	('506e63f7-93f8-478d-9132-27225dbd255d', 'CREATE', 'Answer', '264', '{"Answer":{"id":"264","patient_id":"506e63f7-a1e8-4047-b82c-27225dbd255d","question_id":"1","valor":true}}', NULL, '6', '2012-10-05 01:37:11'),
	('506e63f7-c908-453a-8e8d-27225dbd255d', 'CREATE', 'Patient', '506e63f7-a1e8-4047-b82c-27225dbd255d', '{"Patient":{"id":"506e63f7-a1e8-4047-b82c-27225dbd255d","iniciales":"YU","fecha_nacimiento":"08\\/02\\/1932","sexo":"M","address_particular_id":"138","address_laboral_id":"139","nro_documento":"175ccefb8daefbb729f101db4da37f89329be78e1f51a020ebe7e5068db59c7e","created":"2012-10-05 01:37:11","modified":"2012-10-05 01:37:11","peso":"90.00","altura":"1.85","vive":true,"fecha_defuncion":null,"job_id":"5","edad":"80"}}', NULL, '6', '2012-10-05 01:37:11'),
	('506e63f7-d9cc-49de-9b3e-27225dbd255d', 'CREATE', 'Answer', '265', '{"Answer":{"id":"265","patient_id":"506e63f7-a1e8-4047-b82c-27225dbd255d","question_id":"2","valor":false}}', NULL, '6', '2012-10-05 01:37:11'),
	('506e63f8-4120-45b7-ac8d-27225dbd255d', 'CREATE', 'Answer', '266', '{"Answer":{"id":"266","patient_id":"506e63f7-a1e8-4047-b82c-27225dbd255d","question_id":"3","valor":false}}', NULL, '6', '2012-10-05 01:37:12'),
	('506e6407-80d8-42e7-8d46-25ca5dbd255d', 'CREATE', 'OmsRegister', '78', '{"OmsRegister":{"id":"78","patient_id":"506e63f7-a1e8-4047-b82c-27225dbd255d","medic_id":"1","address_part_id":"138","address_lab_id":"139","oms_code_id":"115","estadio":"0","fecha":"05\\/10\\/2012"}}', NULL, '6', '2012-10-05 01:37:27'),
	('506f02b8-4c18-4c30-841b-417d5dbd255d', 'CREATE', 'Answer', '267', '{"Answer":{"id":"267","patient_id":"506f02b8-4ca4-4b17-8259-417d5dbd255d","question_id":"1","valor":true}}', NULL, '6', '2012-10-05 12:54:32'),
	('506f02b8-5fa0-4e79-8de9-417d5dbd255d', 'CREATE', 'Primary', '140', '{"Primary":{"id":"140","city_id":"1","latitud":"-38.7321175","longitud":"-62.2639575","direccion":"Italia 900"}}', NULL, '6', '2012-10-05 12:54:32'),
	('506f02b8-7348-4e33-8c18-417d5dbd255d', 'CREATE', 'Answer', '270', '{"Answer":{"id":"270","patient_id":"506f02b8-4ca4-4b17-8259-417d5dbd255d","question_id":"4","valor":false}}', NULL, '6', '2012-10-05 12:54:32'),
	('506f02b8-9318-4ada-a1af-417d5dbd255d', 'CREATE', 'Answer', '268', '{"Answer":{"id":"268","patient_id":"506f02b8-4ca4-4b17-8259-417d5dbd255d","question_id":"2","valor":false}}', NULL, '6', '2012-10-05 12:54:32'),
	('506f02b8-c398-44ad-bc64-417d5dbd255d', 'CREATE', 'Patient', '506f02b8-4ca4-4b17-8259-417d5dbd255d', '{"Patient":{"id":"506f02b8-4ca4-4b17-8259-417d5dbd255d","iniciales":"MA","fecha_nacimiento":"15\\/04\\/1960","sexo":"F","address_particular_id":"140","address_laboral_id":"141","nro_documento":"3a63d24d7699c9ec2f30e8cedb3af4f347f74596a757a43e8c8d967044cd1d7c","created":"2012-10-05 12:54:32","modified":"2012-10-05 12:54:32","peso":"59.50","altura":"1.68","vive":true,"fecha_defuncion":null,"job_id":"5","edad":"52"}}', NULL, '6', '2012-10-05 12:54:32'),
	('506f02b8-c57c-4545-8098-417d5dbd255d', 'CREATE', 'Secondary', '141', '{"Secondary":{"id":"141","city_id":"1","latitud":"-38.7242408","longitud":"-62.2553479","direccion":"San Mart\\u00edn 1200"}}', NULL, '6', '2012-10-05 12:54:32'),
	('506f02b8-d888-4de7-931c-417d5dbd255d', 'CREATE', 'Answer', '269', '{"Answer":{"id":"269","patient_id":"506f02b8-4ca4-4b17-8259-417d5dbd255d","question_id":"3","valor":false}}', NULL, '6', '2012-10-05 12:54:32'),
	('506f02e8-f424-4fc9-a95e-42565dbd255d', 'CREATE', 'OmsRegister', '79', '{"OmsRegister":{"id":"79","patient_id":"506f02b8-4ca4-4b17-8259-417d5dbd255d","medic_id":"1","address_part_id":"140","address_lab_id":"141","oms_code_id":"81","estadio":"2","fecha":"05\\/10\\/2012"}}', NULL, '6', '2012-10-05 12:55:20'),
	('506f0465-0ab0-424a-b2f5-417d5dbd255d', 'CREATE', 'Primary', '142', '{"Primary":{"id":"142","city_id":"1","latitud":"-38.7346696","longitud":"-62.2276468","direccion":"Ranqueles 900"}}', NULL, '6', '2012-10-05 13:01:41'),
	('506f0466-3580-4488-9ec9-417d5dbd255d', 'CREATE', 'Answer', '274', '{"Answer":{"id":"274","patient_id":"506f0465-6d18-4bc7-82d0-417d5dbd255d","question_id":"4","valor":false}}', NULL, '6', '2012-10-05 13:01:42'),
	('506f0466-4d1c-44b7-a2d0-417d5dbd255d', 'CREATE', 'Answer', '271', '{"Answer":{"id":"271","patient_id":"506f0465-6d18-4bc7-82d0-417d5dbd255d","question_id":"1","valor":false}}', NULL, '6', '2012-10-05 13:01:42'),
	('506f0466-7388-40af-9fb7-417d5dbd255d', 'CREATE', 'Answer', '273', '{"Answer":{"id":"273","patient_id":"506f0465-6d18-4bc7-82d0-417d5dbd255d","question_id":"3","valor":false}}', NULL, '6', '2012-10-05 13:01:42'),
	('506f0466-8874-4eb5-8ab6-417d5dbd255d', 'CREATE', 'Patient', '506f0465-6d18-4bc7-82d0-417d5dbd255d', '{"Patient":{"id":"506f0465-6d18-4bc7-82d0-417d5dbd255d","iniciales":"AN","fecha_nacimiento":"30\\/01\\/1936","sexo":"M","address_particular_id":"142","address_laboral_id":null,"nro_documento":"2259ca4bb4f3548736747e0be01c15df55c94a0998a7e187bda5870f4419c46b","created":"2012-10-05 13:01:41","modified":"2012-10-05 13:01:41","peso":"55.60","altura":"1.43","vive":true,"fecha_defuncion":null,"job_id":"3","edad":"76"}}', NULL, '6', '2012-10-05 13:01:42'),
	('506f0466-a4ac-4811-a6b3-417d5dbd255d', 'CREATE', 'Answer', '272', '{"Answer":{"id":"272","patient_id":"506f0465-6d18-4bc7-82d0-417d5dbd255d","question_id":"2","valor":false}}', NULL, '6', '2012-10-05 13:01:42'),
	('506f049c-50d0-4d33-ae1d-42de5dbd255d', 'CREATE', 'OmsRegister', '80', '{"OmsRegister":{"id":"80","patient_id":"506f0465-6d18-4bc7-82d0-417d5dbd255d","medic_id":"1","address_part_id":"142","address_lab_id":null,"oms_code_id":"103","estadio":"1","fecha":"05\\/10\\/2012"}}', NULL, '6', '2012-10-05 13:02:36'),
	('506f054e-189c-43a6-9d2f-43b15dbd255d', 'CREATE', 'Primary', '143', '{"Primary":{"id":"143","city_id":"1","latitud":"-38.728101","longitud":"-62.2203148","direccion":"Misioneros 1900"}}', NULL, '6', '2012-10-05 13:05:34'),
	('506f054e-5214-4f9f-a356-43b15dbd255d', 'CREATE', 'Secondary', '144', '{"Secondary":{"id":"144","city_id":"1","latitud":"-38.7188765","longitud":"-62.2983085","direccion":"Don Bosco 1400"}}', NULL, '6', '2012-10-05 13:05:34'),
	('506f054e-69d8-4162-ad76-43b15dbd255d', 'CREATE', 'Answer', '278', '{"Answer":{"id":"278","patient_id":"506f054e-be40-4b0b-bde8-43b15dbd255d","question_id":"4","valor":false}}', NULL, '6', '2012-10-05 13:05:34'),
	('506f054e-7170-437b-a824-43b15dbd255d', 'CREATE', 'Answer', '276', '{"Answer":{"id":"276","patient_id":"506f054e-be40-4b0b-bde8-43b15dbd255d","question_id":"2","valor":true}}', NULL, '6', '2012-10-05 13:05:34'),
	('506f054e-af08-4eb5-8f7d-43b15dbd255d', 'CREATE', 'Answer', '275', '{"Answer":{"id":"275","patient_id":"506f054e-be40-4b0b-bde8-43b15dbd255d","question_id":"1","valor":true}}', NULL, '6', '2012-10-05 13:05:34'),
	('506f054e-af74-478a-8518-43b15dbd255d', 'CREATE', 'Answer', '277', '{"Answer":{"id":"277","patient_id":"506f054e-be40-4b0b-bde8-43b15dbd255d","question_id":"3","valor":false}}', NULL, '6', '2012-10-05 13:05:34'),
	('506f054e-f0fc-4257-bbe7-43b15dbd255d', 'CREATE', 'Patient', '506f054e-be40-4b0b-bde8-43b15dbd255d', '{"Patient":{"id":"506f054e-be40-4b0b-bde8-43b15dbd255d","iniciales":"GA","fecha_nacimiento":"05\\/04\\/1950","sexo":"M","address_particular_id":"143","address_laboral_id":"144","nro_documento":"36b4558212bc74f011fbf517f10b83cccf871bd4e431f4920f76de05f34b7cd6","created":"2012-10-05 13:05:34","modified":"2012-10-05 13:05:34","peso":"73.90","altura":"1.60","vive":true,"fecha_defuncion":null,"job_id":"4","edad":"62"}}', NULL, '6', '2012-10-05 13:05:34'),
	('506f058d-9a08-4f9d-9b53-43735dbd255d', 'CREATE', 'OmsRegister', '81', '{"OmsRegister":{"id":"81","patient_id":"506f054e-be40-4b0b-bde8-43b15dbd255d","medic_id":"1","address_part_id":"143","address_lab_id":"144","oms_code_id":"10","estadio":"0","fecha":"05\\/09\\/2006"}}', NULL, '6', '2012-10-05 13:06:37'),
	('506f05f1-1744-4003-9248-43185dbd255d', 'CREATE', 'Answer', '279', '{"Answer":{"id":"279","patient_id":"506f05f1-b6a0-4e82-8ff1-43185dbd255d","question_id":"1","valor":true}}', NULL, '6', '2012-10-05 13:08:17'),
	('506f05f1-41e0-4919-a85c-43185dbd255d', 'CREATE', 'Primary', '145', '{"Primary":{"id":"145","city_id":"1","latitud":"-38.73098","longitud":"-62.2364117","direccion":"Rastreador Fournier 700"}}', NULL, '6', '2012-10-05 13:08:17'),
	('506f05f1-6d1c-4216-9ace-43185dbd255d', 'CREATE', 'Answer', '280', '{"Answer":{"id":"280","patient_id":"506f05f1-b6a0-4e82-8ff1-43185dbd255d","question_id":"2","valor":false}}', NULL, '6', '2012-10-05 13:08:17'),
	('506f05f1-bd18-406a-a9c4-43185dbd255d', 'CREATE', 'Answer', '281', '{"Answer":{"id":"281","patient_id":"506f05f1-b6a0-4e82-8ff1-43185dbd255d","question_id":"4","valor":false}}', NULL, '6', '2012-10-05 13:08:17'),
	('506f05f1-f338-4d10-afea-43185dbd255d', 'CREATE', 'Patient', '506f05f1-b6a0-4e82-8ff1-43185dbd255d', '{"Patient":{"id":"506f05f1-b6a0-4e82-8ff1-43185dbd255d","iniciales":"LR","fecha_nacimiento":"23\\/12\\/1935","sexo":"M","address_particular_id":"145","address_laboral_id":null,"nro_documento":"2063375de568103ab2070946207cc886b0b34e6a429fa7d9333ea5035839d6fc","created":"2012-10-05 13:08:17","modified":"2012-10-05 13:08:17","peso":"83.00","altura":"1.75","vive":true,"fecha_defuncion":null,"job_id":"3","edad":"76"}}', NULL, '6', '2012-10-05 13:08:17'),
	('506f0622-19e4-4d66-b533-438e5dbd255d', 'CREATE', 'OmsRegister', '82', '{"OmsRegister":{"id":"82","patient_id":"506f05f1-b6a0-4e82-8ff1-43185dbd255d","medic_id":"1","address_part_id":"145","address_lab_id":null,"oms_code_id":"69","estadio":"3","fecha":"05\\/10\\/2012"}}', NULL, '6', '2012-10-05 13:09:06'),
	('506f06db-0a08-4ea9-95ba-438e5dbd255d', 'CREATE', 'Answer', '285', '{"Answer":{"id":"285","patient_id":"506f06db-7130-4443-974d-438e5dbd255d","question_id":"4","valor":false}}', NULL, '6', '2012-10-05 13:12:11'),
	('506f06db-6690-4911-9ab4-438e5dbd255d', 'CREATE', 'Patient', '506f06db-7130-4443-974d-438e5dbd255d', '{"Patient":{"id":"506f06db-7130-4443-974d-438e5dbd255d","iniciales":"FG","fecha_nacimiento":"06\\/11\\/1989","sexo":"F","address_particular_id":"146","address_laboral_id":"147","nro_documento":"6b8e268ee61507770d622f06822334e50bb1f2cc105f604f3e1ad00dfe4ff655","created":"2012-10-05 13:12:11","modified":"2012-10-05 13:12:11","peso":"50.00","altura":"1.64","vive":true,"fecha_defuncion":null,"job_id":"4","edad":"22"}}', NULL, '6', '2012-10-05 13:12:11'),
	('506f06db-7014-44df-be01-438e5dbd255d', 'CREATE', 'Secondary', '147', '{"Secondary":{"id":"147","city_id":"1","latitud":"-38.7216423","longitud":"-62.2683854","direccion":"Saavedra 100"}}', NULL, '6', '2012-10-05 13:12:11'),
	('506f06db-86d4-4af4-92fd-438e5dbd255d', 'CREATE', 'Primary', '146', '{"Primary":{"id":"146","city_id":"1","latitud":"-38.7338428","longitud":"-62.2594328","direccion":"Montevideo 500"}}', NULL, '6', '2012-10-05 13:12:11'),
	('506f06db-a5d4-441e-8f36-438e5dbd255d', 'CREATE', 'Answer', '283', '{"Answer":{"id":"283","patient_id":"506f06db-7130-4443-974d-438e5dbd255d","question_id":"2","valor":false}}', NULL, '6', '2012-10-05 13:12:11'),
	('506f06db-e0b8-483f-b992-438e5dbd255d', 'CREATE', 'Answer', '284', '{"Answer":{"id":"284","patient_id":"506f06db-7130-4443-974d-438e5dbd255d","question_id":"3","valor":true}}', NULL, '6', '2012-10-05 13:12:11'),
	('506f06db-fb34-4963-9298-438e5dbd255d', 'CREATE', 'Answer', '282', '{"Answer":{"id":"282","patient_id":"506f06db-7130-4443-974d-438e5dbd255d","question_id":"1","valor":true}}', NULL, '6', '2012-10-05 13:12:11'),
	('506f0735-f63c-4e1b-bd58-43735dbd255d', 'CREATE', 'OmsRegister', '83', '{"OmsRegister":{"id":"83","patient_id":"506f06db-7130-4443-974d-438e5dbd255d","medic_id":"1","address_part_id":"146","address_lab_id":"147","oms_code_id":"211","estadio":"3","fecha":"10\\/10\\/2011"}}', NULL, '6', '2012-10-05 13:13:41'),
	('506f07a6-0d70-4d94-aba7-43735dbd255d', 'CREATE', 'Answer', '287', '{"Answer":{"id":"287","patient_id":"506f07a6-7c34-4804-98ad-43735dbd255d","question_id":"2","valor":true}}', NULL, '6', '2012-10-05 13:15:34'),
	('506f07a6-4084-4436-a73e-43735dbd255d', 'CREATE', 'Answer', '288', '{"Answer":{"id":"288","patient_id":"506f07a6-7c34-4804-98ad-43735dbd255d","question_id":"3","valor":false}}', NULL, '6', '2012-10-05 13:15:34'),
	('506f07a6-57ec-4c70-a059-43735dbd255d', 'CREATE', 'Patient', '506f07a6-7c34-4804-98ad-43735dbd255d', '{"Patient":{"id":"506f07a6-7c34-4804-98ad-43735dbd255d","iniciales":"IP","fecha_nacimiento":"14\\/05\\/1987","sexo":"M","address_particular_id":"148","address_laboral_id":"149","nro_documento":"d63bc3cf60c06c71f7c4925c197f57ee2c70afda6e0b68406b7fdc56eacd6f0a","created":"2012-10-05 13:15:34","modified":"2012-10-05 13:15:34","peso":"105.00","altura":"1.93","vive":true,"fecha_defuncion":null,"job_id":"5","edad":"25"}}', NULL, '6', '2012-10-05 13:15:34'),
	('506f07a6-5f0c-4bf7-985e-43735dbd255d', 'CREATE', 'Primary', '148', '{"Primary":{"id":"148","city_id":"1","latitud":"-38.7294552","longitud":"-62.269675","direccion":"Santa Fe 500"}}', NULL, '6', '2012-10-05 13:15:34'),
	('506f07a6-645c-40a4-8950-43735dbd255d', 'CREATE', 'Answer', '289', '{"Answer":{"id":"289","patient_id":"506f07a6-7c34-4804-98ad-43735dbd255d","question_id":"4","valor":false}}', NULL, '6', '2012-10-05 13:15:34'),
	('506f07a6-7468-4036-b262-43735dbd255d', 'CREATE', 'Answer', '286', '{"Answer":{"id":"286","patient_id":"506f07a6-7c34-4804-98ad-43735dbd255d","question_id":"1","valor":true}}', NULL, '6', '2012-10-05 13:15:34'),
	('506f07a6-bf74-41ab-a0d0-43735dbd255d', 'CREATE', 'Secondary', '149', '{"Secondary":{"id":"149","city_id":"1","latitud":"-38.7242408","longitud":"-62.2553479","direccion":"San Mart\\u00edn 1400"}}', NULL, '6', '2012-10-05 13:15:34'),
	('506f085a-e380-4521-afa7-44245dbd255d', 'CREATE', 'OmsRegister', '84', '{"OmsRegister":{"id":"84","patient_id":"506f07a6-7c34-4804-98ad-43735dbd255d","medic_id":"1","address_part_id":"148","address_lab_id":"149","oms_code_id":"116","estadio":"1","fecha":"05\\/10\\/2012"}}', NULL, '6', '2012-10-05 13:18:34'),
	('506f08e5-110c-430a-b7e6-43735dbd255d', 'CREATE', 'Answer', '292', '{"Answer":{"id":"292","patient_id":"506f08e5-31a4-416b-aa2d-43735dbd255d","question_id":"4","valor":true}}', NULL, '6', '2012-10-05 13:20:53'),
	('506f08e5-4680-47d4-b106-43735dbd255d', 'CREATE', 'Answer', '290', '{"Answer":{"id":"290","patient_id":"506f08e5-31a4-416b-aa2d-43735dbd255d","question_id":"1","valor":true}}', NULL, '6', '2012-10-05 13:20:53'),
	('506f08e5-9608-4980-9911-43735dbd255d', 'CREATE', 'Primary', '150', '{"Primary":{"id":"150","city_id":"1","latitud":"-38.7302632","longitud":"-62.2593988","direccion":"Berutti 1000"}}', NULL, '6', '2012-10-05 13:20:53'),
	('506f08e5-a360-4ae0-9caa-43735dbd255d', 'CREATE', 'Secondary', '151', '{"Secondary":{"id":"151","city_id":"1","latitud":"-38.730484","longitud":"-62.279274","direccion":"O Higgins"}}', NULL, '6', '2012-10-05 13:20:53'),
	('506f08e5-cfe8-45a9-9481-43735dbd255d', 'CREATE', 'Answer', '291', '{"Answer":{"id":"291","patient_id":"506f08e5-31a4-416b-aa2d-43735dbd255d","question_id":"2","valor":false}}', NULL, '6', '2012-10-05 13:20:53'),
	('506f08e5-e56c-495e-8cd0-43735dbd255d', 'CREATE', 'Patient', '506f08e5-31a4-416b-aa2d-43735dbd255d', '{"Patient":{"id":"506f08e5-31a4-416b-aa2d-43735dbd255d","iniciales":"JT","fecha_nacimiento":"23\\/08\\/1973","sexo":"M","address_particular_id":"150","address_laboral_id":"151","nro_documento":"9033ccc3a9e25b6f5cc80daa7052e5724f11cc699b07de447a1e102d346d294d","created":"2012-10-05 13:20:53","modified":"2012-10-05 13:20:53","peso":"65.70","altura":"1.71","vive":true,"fecha_defuncion":null,"job_id":"4","edad":"39"}}', NULL, '6', '2012-10-05 13:20:53'),
	('506f0903-ccb0-45d6-87d3-43735dbd255d', 'CREATE', 'OmsRegister', '85', '{"OmsRegister":{"id":"85","patient_id":"506f08e5-31a4-416b-aa2d-43735dbd255d","medic_id":"1","address_part_id":"150","address_lab_id":"151","oms_code_id":"9","estadio":"3","fecha":"05\\/10\\/2012"}}', NULL, '6', '2012-10-05 13:21:23'),
	('506f096d-0ff0-4dd4-b7be-44b75dbd255d', 'CREATE', 'Answer', '295', '{"Answer":{"id":"295","patient_id":"506f096d-6a40-448a-9d1a-44b75dbd255d","question_id":"3","valor":false}}', NULL, '6', '2012-10-05 13:23:09'),
	('506f096d-50ec-4c8d-9162-44b75dbd255d', 'CREATE', 'Primary', '152', '{"Primary":{"id":"152","city_id":"1","latitud":"-38.7524746","longitud":"-62.2777737","direccion":"R\\u00edo Negro 2600"}}', NULL, '6', '2012-10-05 13:23:09'),
	('506f096d-69b0-4bbd-9e59-44b75dbd255d', 'CREATE', 'Answer', '296', '{"Answer":{"id":"296","patient_id":"506f096d-6a40-448a-9d1a-44b75dbd255d","question_id":"4","valor":false}}', NULL, '6', '2012-10-05 13:23:09'),
	('506f096d-8bb4-4db4-b5e7-44b75dbd255d', 'CREATE', 'Answer', '293', '{"Answer":{"id":"293","patient_id":"506f096d-6a40-448a-9d1a-44b75dbd255d","question_id":"1","valor":true}}', NULL, '6', '2012-10-05 13:23:09'),
	('506f096d-9330-4c25-91e3-44b75dbd255d', 'CREATE', 'Patient', '506f096d-6a40-448a-9d1a-44b75dbd255d', '{"Patient":{"id":"506f096d-6a40-448a-9d1a-44b75dbd255d","iniciales":"HG","fecha_nacimiento":"25\\/08\\/1953","sexo":"M","address_particular_id":"152","address_laboral_id":null,"nro_documento":"77d778978c411313972d290c4dd3af20ba94f9c338767cca26fbc6dc123875ef","created":"2012-10-05 13:23:09","modified":"2012-10-05 13:23:09","peso":"78.00","altura":"1.66","vive":true,"fecha_defuncion":null,"job_id":"2","edad":"59"}}', NULL, '6', '2012-10-05 13:23:09'),
	('506f096d-e768-4add-aed5-44b75dbd255d', 'CREATE', 'Answer', '294', '{"Answer":{"id":"294","patient_id":"506f096d-6a40-448a-9d1a-44b75dbd255d","question_id":"2","valor":true}}', NULL, '6', '2012-10-05 13:23:09'),
	('506f0994-a4c4-4c20-82f9-43185dbd255d', 'CREATE', 'OmsRegister', '86', '{"OmsRegister":{"id":"86","patient_id":"506f096d-6a40-448a-9d1a-44b75dbd255d","medic_id":"1","address_part_id":"152","address_lab_id":null,"oms_code_id":"142","estadio":"1","fecha":"05\\/10\\/2012"}}', NULL, '6', '2012-10-05 13:23:48'),
	('506f0997-c028-4ecc-8405-441c5dbd255d', 'CREATE', 'OmsRegister', '87', '{"OmsRegister":{"id":"87","patient_id":"506f096d-6a40-448a-9d1a-44b75dbd255d","medic_id":"1","address_part_id":"152","address_lab_id":null,"oms_code_id":"142","estadio":"1","fecha":"05\\/10\\/2012"}}', NULL, '6', '2012-10-05 13:23:51'),
	('506f09be-52bc-45cc-a417-44b75dbd255d', 'EDIT', 'Patient', '506f08e5-31a4-416b-aa2d-43735dbd255d', '{"Patient":{"id":"506f08e5-31a4-416b-aa2d-43735dbd255d","iniciales":"JT","fecha_nacimiento":"23\\/08\\/1973","sexo":"M","address_particular_id":"150","address_laboral_id":"151","nro_documento":"9033ccc3a9e25b6f5cc80daa7052e5724f11cc699b07de447a1e102d346d294d","created":"2012-10-05 13:20:53","modified":"2012-10-05 13:24:30","peso":"0.00","altura":"0.00","vive":true,"fecha_defuncion":null,"job_id":"4","edad":"39"}}', NULL, '6', '2012-10-05 13:24:30'),
	('506f09be-861c-4029-9f5b-44b75dbd255d', 'EDIT', 'Answer', '292', '{"Answer":{"id":"292","patient_id":"506f08e5-31a4-416b-aa2d-43735dbd255d","question_id":"4","valor":false}}', NULL, '6', '2012-10-05 13:24:30'),
	('506f0b34-2370-42b3-8ba8-461f5dbd255d', 'CREATE', 'Secondary', '154', '{"Secondary":{"id":"154","city_id":"1","latitud":"-38.7128275","longitud":"-62.2617501","direccion":"Av Alem 200"}}', NULL, '6', '2012-10-05 13:30:44'),
	('506f0b34-30b0-4ce0-be37-461f5dbd255d', 'CREATE', 'Answer', '298', '{"Answer":{"id":"298","patient_id":"506f0b34-2d90-48f4-aa41-461f5dbd255d","question_id":"2","valor":false}}', NULL, '6', '2012-10-05 13:30:44'),
	('506f0b34-4744-40c4-90f9-461f5dbd255d', 'CREATE', 'Answer', '297', '{"Answer":{"id":"297","patient_id":"506f0b34-2d90-48f4-aa41-461f5dbd255d","question_id":"1","valor":true}}', NULL, '6', '2012-10-05 13:30:44'),
	('506f0b34-9c1c-4196-b173-461f5dbd255d', 'CREATE', 'Patient', '506f0b34-2d90-48f4-aa41-461f5dbd255d', '{"Patient":{"id":"506f0b34-2d90-48f4-aa41-461f5dbd255d","iniciales":"RR","fecha_nacimiento":"06\\/06\\/1951","sexo":"F","address_particular_id":"153","address_laboral_id":"154","nro_documento":"2f3fafa6a2559b4bc8d0786784286120d9cefcfe11d801907de89392cb6732e1","created":"2012-10-05 13:30:44","modified":"2012-10-05 13:30:44","peso":"65.00","altura":"1.62","vive":true,"fecha_defuncion":null,"job_id":"4","edad":"61"}}', NULL, '6', '2012-10-05 13:30:44'),
	('506f0b34-e02c-4ba2-b698-461f5dbd255d', 'CREATE', 'Primary', '153', '{"Primary":{"id":"153","city_id":"1","latitud":"-38.7293935","longitud":"-62.2627786","direccion":"Darregueira 800"}}', NULL, '6', '2012-10-05 13:30:44'),
	('506f0b34-fec4-4563-9c73-461f5dbd255d', 'CREATE', 'Answer', '299', '{"Answer":{"id":"299","patient_id":"506f0b34-2d90-48f4-aa41-461f5dbd255d","question_id":"4","valor":true}}', NULL, '6', '2012-10-05 13:30:44'),
	('506f0b79-3b7c-42e6-9938-461f5dbd255d', 'CREATE', 'OmsRegister', '88', '{"OmsRegister":{"id":"88","patient_id":"506f0b34-2d90-48f4-aa41-461f5dbd255d","medic_id":"1","address_part_id":"153","address_lab_id":"154","oms_code_id":"158","estadio":"0","fecha":"05\\/10\\/2012"}}', NULL, '6', '2012-10-05 13:31:53');
/*!40000 ALTER TABLE `audits` ENABLE KEYS */;


-- Dumping structure for table geocan.audit_deltas
DROP TABLE IF EXISTS `audit_deltas`;
CREATE TABLE IF NOT EXISTS `audit_deltas` (
  `id` varchar(36) NOT NULL,
  `audit_id` varchar(36) NOT NULL,
  `property_name` varchar(255) NOT NULL,
  `old_value` text,
  `new_value` text,
  PRIMARY KEY  (`id`),
  KEY `audit_id` (`audit_id`)
) ENGINE=InnoDB DEFAULT CHARSET=utf8;

-- Dumping data for table geocan.audit_deltas: ~34 rows (approximately)
DELETE FROM `audit_deltas`;
/*!40000 ALTER TABLE `audit_deltas` DISABLE KEYS */;
INSERT INTO `audit_deltas` (`id`, `audit_id`, `property_name`, `old_value`, `new_value`) VALUES
	('503d7c40-e5f0-46ed-aef1-45be5dbd255d', '503d7c40-1700-4015-aabd-45be5dbd255d', 'fecha', '05/07/2012', '09/08/2012'),
	('50593f53-226c-495d-b11b-7d985dbd255d', '50593f53-c95c-4c49-8f1c-7d985dbd255d', 'password', 'cd3841d030f5ba4fd4bd6e7d84cc38bbb06c2434', 'f687e11711c20bd2a5239f0fc3a6c4161647cf5f'),
	('50593f53-df30-4e54-82fa-7d985dbd255d', '50593f53-c95c-4c49-8f1c-7d985dbd255d', 'blocked', '', '1'),
	('50593f59-3a94-48dd-b72e-7da35dbd255d', '50593f59-bf14-4a0d-8067-7da35dbd255d', 'password', 'f687e11711c20bd2a5239f0fc3a6c4161647cf5f', '21c73438f0d97042b09c5f2e991bb98b863defff'),
	('50593f59-c4a0-4131-908a-7da35dbd255d', '50593f59-bf14-4a0d-8067-7da35dbd255d', 'blocked', '1', ''),
	('505941dd-7420-45b5-8060-7d985dbd255d', '505941dd-c1a4-4516-b6da-7d985dbd255d', 'visible', '', '1'),
	('506cd4a1-f2a4-480f-bf9a-1ee85dbd255d', '506cd4a1-c710-4773-b858-1ee85dbd255d', 'password', '1a4019c13fc080713f95858cbfa33f4e0b68bf42', '1500c2908e71d66b19bfce3a1b4e042d4c860649'),
	('506cd4cf-1fe0-479d-9443-1ee85dbd255d', '506cd4cf-524c-4964-9eb4-1ee85dbd255d', 'password', '1500c2908e71d66b19bfce3a1b4e042d4c860649', '3784364f60b0989c0059deb3210dc30966a4ec6c'),
	('506cd828-3640-45b1-b575-20f65dbd255d', '506cd828-c244-4363-ab48-20f65dbd255d', 'altura', '0.00', '2.00'),
	('506cd828-60b8-4d68-8cc7-20f65dbd255d', '506cd828-c244-4363-ab48-20f65dbd255d', 'peso', '0.00', '858.00'),
	('506cd844-b7a4-4941-ba66-1e8b5dbd255d', '506cd844-6308-4e7f-86aa-1e8b5dbd255d', 'altura', '2.00', '1.76'),
	('506cd844-eb7c-44b4-ac18-1e8b5dbd255d', '506cd844-6308-4e7f-86aa-1e8b5dbd255d', 'peso', '858.00', '85.60'),
	('506cd874-931c-4333-9a9c-1e8b5dbd255d', '506cd874-9b2c-4b17-9bcc-1e8b5dbd255d', 'fecha_defuncion', NULL, '03/10/2012'),
	('506cd874-b1dc-4bd1-b5a4-1e8b5dbd255d', '506cd874-9b2c-4b17-9bcc-1e8b5dbd255d', 'vive', '1', ''),
	('506cd88b-553c-4b42-b404-20ac5dbd255d', '506cd88b-b380-404d-ae64-20ac5dbd255d', 'fecha_defuncion', '03/10/2012', NULL),
	('506cd942-3994-446b-a89e-1e8b5dbd255d', '506cd942-97a4-4882-abe8-1e8b5dbd255d', 'visible', '1', ''),
	('506cdb43-3be8-4bb0-99b5-22585dbd255d', '506cdb43-bc98-43e8-836d-22585dbd255d', 'fecha', '09/08/2012', '01/01/1993'),
	('506cdb56-5c60-4083-a131-22595dbd255d', '506cdb56-c850-4ee0-941b-22595dbd255d', 'vive', '', '1'),
	('506ce1fb-a1fc-403e-a946-224f5dbd255d', '506ce1fa-7cf8-4b8d-91ad-224f5dbd255d', 'fecha', '05/04/2012', '01/04/2000'),
	('506ce27a-2dec-493b-b1b0-224f5dbd255d', '506ce27a-af3c-4ef4-baa1-224f5dbd255d', 'vive', '1', ''),
	('506ce27a-fff0-4bbf-bba8-224f5dbd255d', '506ce27a-af3c-4ef4-baa1-224f5dbd255d', 'fecha_defuncion', NULL, '03/10/2012'),
	('506ce2ae-bf88-4cc4-abd5-24595dbd255d', '506ce2ae-c60c-445e-904b-24595dbd255d', 'fecha_defuncion', '03/10/2012', '01/10/2010'),
	('506ce2de-aea8-4e81-904d-24595dbd255d', '506ce2de-e048-4412-aca9-24595dbd255d', 'fecha_defuncion', '01/10/2010', NULL),
	('506e6179-4494-43ef-88a1-25ca5dbd255d', '506e6179-8338-4993-a853-25ca5dbd255d', 'peso', '0.00', '65.00'),
	('506e6179-7264-44ca-824c-25ca5dbd255d', '506e6179-8338-4993-a853-25ca5dbd255d', 'altura', '0.00', '1.70'),
	('506e62cc-3840-4f52-9813-25ca5dbd255d', '506e62cc-9f14-4fa4-9126-25ca5dbd255d', 'peso', '0.00', '70.00'),
	('506e62cc-417c-4e2a-b6e5-25ca5dbd255d', '506e62cc-9f14-4fa4-9126-25ca5dbd255d', 'altura', '0.00', '1.70'),
	('506e6322-b228-41a7-ae9f-268a5dbd255d', '506e6322-bc34-4d4c-918b-268a5dbd255d', 'altura', '0.00', '1.70'),
	('506e6322-e72c-49f9-bd95-268a5dbd255d', '506e6322-bc34-4d4c-918b-268a5dbd255d', 'peso', '0.00', '80.00'),
	('506e6395-0000-4548-a787-268a5dbd255d', '506e6395-8fb4-4bcb-a8a0-268a5dbd255d', 'peso', '0.00', '69.00'),
	('506e6395-efd8-4df2-a2e5-268a5dbd255d', '506e6395-8fb4-4bcb-a8a0-268a5dbd255d', 'altura', '0.00', '1.70'),
	('506f09be-112c-4e83-a6a2-44b75dbd255d', '506f09be-52bc-45cc-a417-44b75dbd255d', 'altura', '1.71', '0.00'),
	('506f09be-5508-4064-a0d7-44b75dbd255d', '506f09be-52bc-45cc-a417-44b75dbd255d', 'peso', '65.70', '0.00'),
	('506f09be-b25c-4b87-b267-44b75dbd255d', '506f09be-861c-4029-9f5b-44b75dbd255d', 'valor', '1', '');
/*!40000 ALTER TABLE `audit_deltas` ENABLE KEYS */;


-- Dumping structure for table geocan.cities
DROP TABLE IF EXISTS `cities`;
CREATE TABLE IF NOT EXISTS `cities` (
  `id` int(10) unsigned NOT NULL auto_increment,
  `nombre` varchar(100) NOT NULL,
  `province_id` int(10) unsigned NOT NULL,
  PRIMARY KEY  (`id`),
  KEY `FK_cities_provinces` (`province_id`),
  CONSTRAINT `FK_cities_provinces` FOREIGN KEY (`province_id`) REFERENCES `provinces` (`id`)
) ENGINE=InnoDB AUTO_INCREMENT=3 DEFAULT CHARSET=utf8;

-- Dumping data for table geocan.cities: ~2 rows (approximately)
DELETE FROM `cities`;
/*!40000 ALTER TABLE `cities` DISABLE KEYS */;
INSERT INTO `cities` (`id`, `nombre`, `province_id`) VALUES
	(1, 'Bahía Blanca', 1),
	(2, 'San Fernando del VC', 2);
/*!40000 ALTER TABLE `cities` ENABLE KEYS */;


-- Dumping structure for table geocan.groups
DROP TABLE IF EXISTS `groups`;
CREATE TABLE IF NOT EXISTS `groups` (
  `id` int(11) NOT NULL auto_increment,
  `name` varchar(100) NOT NULL,
  `created` datetime default NULL,
  `modified` datetime default NULL,
  PRIMARY KEY  (`id`)
) ENGINE=InnoDB AUTO_INCREMENT=4 DEFAULT CHARSET=utf8;

-- Dumping data for table geocan.groups: ~3 rows (approximately)
DELETE FROM `groups`;
/*!40000 ALTER TABLE `groups` DISABLE KEYS */;
INSERT INTO `groups` (`id`, `name`, `created`, `modified`) VALUES
	(1, 'Administradores', '2012-04-13 22:22:17', '2012-04-13 22:22:17'),
	(2, 'Médicos', '2012-04-13 22:22:42', '2012-04-15 23:01:42'),
	(3, 'Ayudantes', '2012-04-15 23:01:27', '2012-05-26 18:24:41');
/*!40000 ALTER TABLE `groups` ENABLE KEYS */;


-- Dumping structure for table geocan.jobs
DROP TABLE IF EXISTS `jobs`;
CREATE TABLE IF NOT EXISTS `jobs` (
  `id` int(10) unsigned NOT NULL auto_increment,
  `descripcion` varchar(100) NOT NULL,
  PRIMARY KEY  (`id`)
) ENGINE=InnoDB AUTO_INCREMENT=6 DEFAULT CHARSET=utf8;

-- Dumping data for table geocan.jobs: ~5 rows (approximately)
DELETE FROM `jobs`;
/*!40000 ALTER TABLE `jobs` DISABLE KEYS */;
INSERT INTO `jobs` (`id`, `descripcion`) VALUES
	(1, 'No Contesta'),
	(2, 'Desocupado'),
	(3, 'Jubilado'),
	(4, 'Empleado de Comercio'),
	(5, 'Polo');
/*!40000 ALTER TABLE `jobs` ENABLE KEYS */;


-- Dumping structure for table geocan.medics
DROP TABLE IF EXISTS `medics`;
CREATE TABLE IF NOT EXISTS `medics` (
  `id` int(10) unsigned NOT NULL auto_increment,
  `nombre` varchar(100) NOT NULL,
  `apellido` varchar(100) NOT NULL,
  `matricula` varchar(100) NOT NULL,
  `medic_type_id` int(10) unsigned NOT NULL,
  PRIMARY KEY  (`id`),
  KEY `FK_medico_tipo_medico` (`medic_type_id`),
  CONSTRAINT `FK_medic_type_medic` FOREIGN KEY (`medic_type_id`) REFERENCES `medic_types` (`id`) ON DELETE NO ACTION ON UPDATE NO ACTION
) ENGINE=InnoDB AUTO_INCREMENT=3 DEFAULT CHARSET=utf8;

-- Dumping data for table geocan.medics: ~2 rows (approximately)
DELETE FROM `medics`;
/*!40000 ALTER TABLE `medics` DISABLE KEYS */;
INSERT INTO `medics` (`id`, `nombre`, `apellido`, `matricula`, `medic_type_id`) VALUES
	(1, 'Isabel', 'Isabel', '1234567', 1),
	(2, 'Cesar', 'Luengo', '666', 2);
/*!40000 ALTER TABLE `medics` ENABLE KEYS */;


-- Dumping structure for table geocan.medic_types
DROP TABLE IF EXISTS `medic_types`;
CREATE TABLE IF NOT EXISTS `medic_types` (
  `id` int(10) unsigned NOT NULL auto_increment,
  `tipo` varchar(255) NOT NULL,
  PRIMARY KEY  (`id`)
) ENGINE=InnoDB AUTO_INCREMENT=4 DEFAULT CHARSET=utf8;

-- Dumping data for table geocan.medic_types: ~3 rows (approximately)
DELETE FROM `medic_types`;
/*!40000 ALTER TABLE `medic_types` DISABLE KEYS */;
INSERT INTO `medic_types` (`id`, `tipo`) VALUES
	(1, 'Clinico'),
	(2, 'Oncólogo'),
	(3, 'Patólogo');
/*!40000 ALTER TABLE `medic_types` ENABLE KEYS */;


-- Dumping structure for table geocan.notes
DROP TABLE IF EXISTS `notes`;
CREATE TABLE IF NOT EXISTS `notes` (
  `id` int(10) unsigned NOT NULL auto_increment,
  `medic_id` int(10) unsigned NOT NULL,
  `oms_register_id` int(10) unsigned NOT NULL,
  `fecha` datetime NOT NULL,
  `descripcion` text NOT NULL,
  PRIMARY KEY  (`id`),
  KEY `FK_nota_medico` (`medic_id`),
  KEY `FK_nota_oms` (`oms_register_id`),
  KEY `FK_notes_medic` (`medic_id`),
  KEY `FK_notes_oms_register` (`oms_register_id`),
  CONSTRAINT `FK_notes_medic` FOREIGN KEY (`medic_id`) REFERENCES `medics` (`id`) ON DELETE NO ACTION ON UPDATE NO ACTION,
  CONSTRAINT `FK_notes_oms_register` FOREIGN KEY (`oms_register_id`) REFERENCES `oms_registers` (`id`) ON DELETE NO ACTION ON UPDATE NO ACTION
) ENGINE=InnoDB AUTO_INCREMENT=6 DEFAULT CHARSET=utf8;

-- Dumping data for table geocan.notes: ~5 rows (approximately)
DELETE FROM `notes`;
/*!40000 ALTER TABLE `notes` DISABLE KEYS */;
INSERT INTO `notes` (`id`, `medic_id`, `oms_register_id`, `fecha`, `descripcion`) VALUES
	(1, 1, 20, '2012-07-08 19:26:21', '<p>feefefefefef</p>'),
	(2, 1, 20, '2012-07-08 19:27:06', '<p>feefefefefeffgfg</p>'),
	(3, 1, 20, '2012-07-08 19:27:40', '<p>feefefefefeffgfgfbfbfb</p>'),
	(4, 2, 57, '2012-09-03 02:53:35', '<p><strong><span style="color: #ff6600;">Nota sobre el melanoma.</span></strong></p>'),
	(5, 1, 58, '2012-10-03 22:11:53', '<p><strong>Una nota</strong></p>');
/*!40000 ALTER TABLE `notes` ENABLE KEYS */;


-- Dumping structure for table geocan.oms_codes
DROP TABLE IF EXISTS `oms_codes`;
CREATE TABLE IF NOT EXISTS `oms_codes` (
  `id` int(10) unsigned NOT NULL auto_increment,
  `codigo` varchar(10) NOT NULL,
  `descripcion` varchar(300) NOT NULL,
  `padre` varchar(10) default NULL,
  PRIMARY KEY  (`id`)
) ENGINE=InnoDB AUTO_INCREMENT=248 DEFAULT CHARSET=utf8;

-- Dumping data for table geocan.oms_codes: ~197 rows (approximately)
DELETE FROM `oms_codes`;
/*!40000 ALTER TABLE `oms_codes` DISABLE KEYS */;
INSERT INTO `oms_codes` (`id`, `codigo`, `descripcion`, `padre`) VALUES
	(8, 'C00-C14', 'Labio, cavidad oral y faringe.', NULL),
	(9, 'C00', 'Tumor maligno del Labio', 'C00-C14'),
	(10, 'C01', 'Neoplasias malignas de la base de la lengua', 'C00-C14'),
	(11, 'C02', 'Neoplasias malignas de otras partes y sin especificar de la lengua', 'C00-C14'),
	(12, 'C03', 'Neoplasias malignas de la encía', 'C00-C14'),
	(13, 'C04', 'Neoplasias malignas de la base de la boca', 'C00-C14'),
	(14, 'C05', 'Neoplasias malignas del paladar', 'C00-C14'),
	(15, 'C06', 'Neoplasias malignas de otras partes y sin especificar de la boca', 'C00-C14'),
	(16, 'C07', 'Neoplasias malignas de la glándula parótida', 'C00-C14'),
	(17, 'C08', 'Neoplasias malignas de otras partes y sin especificar de las glándulas salivares', 'C00-C14'),
	(18, 'C09', 'Neoplasias malignas de las amígdalas', 'C00-C14'),
	(19, 'C10', 'Neoplasias malignas de la orofaringe', 'C00-C14'),
	(20, 'C11', 'Neoplasias malignas de la nasofaringe', 'C00-C14'),
	(21, 'C12', 'Neoplasias malignas del seno piriforme', 'C00-C14'),
	(22, 'C13', 'Neoplasias malignas de la hipofaringe', 'C00-C14'),
	(23, 'C14', 'Neoplasias malignas de otras partes del labio, la cavidad oral y la faringe', 'C00-C14'),
	(24, 'C15-C26', 'Neoplasias digestivas.', NULL),
	(25, 'C15', 'Neoplasias malignas de esófago', 'C15-C26'),
	(26, 'C16', 'Neoplasias malignas de estómago', 'C15-C26'),
	(27, 'C16.0', 'Neoplasias malignas del cardias', 'C16'),
	(28, 'C16.1', 'Neoplasias malignas de la funda del estómago', 'C16'),
	(29, 'C16.2', 'Neoplasias malignas del cuerpo del estómago', 'C16'),
	(30, 'C16.3', 'Neoplasias malignas del antro pilórico', 'C16'),
	(31, 'C16.4', 'Neoplasias malignas del píloro', 'C16'),
	(32, 'C16.5', 'Neoplasias malignas de la curvatura menor del estómago', 'C16'),
	(33, 'C16.6', 'Neoplasias malignas de la curvatura mayor del estómago', 'C16'),
	(34, 'C16.8', 'Lesión del solape del estómago', 'C16'),
	(35, 'C16.9', 'Neoplasias malignas de otras partes del estómago', 'C16'),
	(36, 'C17', 'Neoplasias malignas de intestino delgado', 'C15-C26'),
	(37, 'C17.0', 'Neoplasias malignas del duodeno', 'C15-C26'),
	(38, 'C18', 'Neoplasias malignas de colon', 'C15-C26'),
	(39, 'C19', 'Neoplasias malignas de la unión rectosigmoida', 'C15-C26'),
	(40, 'C20', 'Neoplasias malignas del recto', 'C15-C26'),
	(41, 'C21', 'Neoplasias malignas de ano y canal anal', 'C15-C26'),
	(42, 'C22', 'Neoplasias malignas de hígado y de canalículos biliares intrahepáticos', 'C15-C26'),
	(43, 'C22.0', 'Carcinoma de las células hepáticas', 'C22'),
	(44, 'C22.1', 'Carcinoma de los canalículos biliares intrahepáticos', 'C22'),
	(45, 'C22.2', 'Hepatoblastoma', 'C22'),
	(46, 'C22.3', 'Angiosarcoma de hígado', 'C22'),
	(47, 'C22.4', 'Otros sarcomas de hígado', 'C22'),
	(48, 'C22.7', 'Otros carcinomas especificados de hígado', 'C22'),
	(49, 'C22.9', 'Otras neoplasias malignas de hígado sin especificar', 'C22'),
	(50, 'C23', 'Neoplasias malignas de la vesícula biliar', 'C15-C26'),
	(51, 'C24', 'Neoplasias malignas de otras partes y sin especificar del tracto biliar', 'C15-C26'),
	(52, 'C25', 'Neoplasias malignas de páncreas', 'C15-C26'),
	(53, 'C25.0', 'Neoplasias malignas de la cabeza del páncreas', 'C25'),
	(54, 'C25.1', 'Neoplasias malignas del cuerpo del páncreas', 'C25'),
	(55, 'C25.2', 'Neoplasias malignas de la cola del páncreas', 'C25'),
	(56, 'C25.3', 'Neoplasias malignas del conducto pancreático', 'C25'),
	(57, 'C25.4', 'Neoplasias malignas del endocrino del páncreas', 'C25'),
	(58, 'C25.7', 'Neoplasias malignas de otras partes del páncreas', 'C25'),
	(59, 'C25.8', 'Neoplasias malignas del solape del páncreas', 'C25'),
	(60, 'C25.9', 'Neoplasias malignas sin especificar del páncreas', 'C25'),
	(61, 'C26', 'Neoplasias malignas de otras enfermedades de órganos digestivos', 'C15-C26'),
	(62, 'C30-C39', 'Neoplasias de órganos respiratorios e intratorácicos.', NULL),
	(63, 'C30', 'Neoplasias malignas de la cavidad nasal y el oído medio', 'C30-C39'),
	(64, 'C31', 'Neoplasias malignas de los senos paranasales', 'C30-C39'),
	(65, 'C32', 'Neoplasias malignas de laringe', 'C30-C39'),
	(66, 'C33', 'Neoplasias malignas de la tráquea', 'C30-C39'),
	(67, 'C34', 'Neoplasias malignas de bronquios y pulmón', 'C30-C39'),
	(68, 'C34.0', 'Neoplasias malignas del bronquio principal', 'C34'),
	(69, 'C34.1', 'Neoplasias malignas del lóbulo superior de los bronquios o el pulmón', 'C34'),
	(70, 'C34.2', 'Neoplasias malignas del lóbulo medio de los bronquios o el pulmón', 'C34'),
	(71, 'C34.3', 'Neoplasias malignas del lóbulo inferior de los bronquios o el pulmón', 'C34'),
	(72, 'C34.8', 'Lesión del solape de los bronquios o el pulmón', 'C34'),
	(73, 'C37', 'Neoplasias malignas del timo', 'C30-C39'),
	(74, 'C38', 'Neoplasias malignas del corazón, el mediastino y la pleura', 'C30-C39'),
	(75, 'C39', 'Neoplasias malignas de otras partes del sistema respiratorio y de órganos intratorácicos', 'C30-C39'),
	(76, 'C40-C41', 'Neoplasias malignas de hueso y cartílago articular', NULL),
	(77, 'C40', 'Neoplasias malignas de hueso y cartílago articular de miembros', 'C40-C41'),
	(78, 'C41', 'Neoplasias malignas de hueso y cartílago articular de otras partes sin especificar', 'C40-C41'),
	(79, 'C43-C44', 'Neoplasias de piel.', NULL),
	(80, 'C43', 'Melanoma de piel', 'C43-C44'),
	(81, 'C44', 'Otras neoplasias malignas de la piel', 'C43-C44'),
	(82, 'C45-C49', 'Neoplasias malignos de tejidos conectivos y blandos', NULL),
	(83, 'C45', 'Mesotelioma maligno', 'C45-C49'),
	(84, 'C46', 'Sarcoma de Kaposi', 'C45-C49'),
	(85, 'C47', 'Neoplasias malignas de nervios periféricos y del sistema nervioso autónomo', 'C45-C49'),
	(86, 'C48', 'Neoplasias malignas del retroperitoneo y del', 'C45-C49'),
	(87, 'C49', 'Neoplasias malignas de otros tejidos conectivos y blandos (los códigos alfanuméricos son ILDS)', 'C45-C49'),
	(88, 'C49.M10', 'Histiocitoma fibroso maligno', 'C49'),
	(89, 'C49.M12', 'Fibroxantoma atípico', 'C49'),
	(90, 'C49.M20', 'Haemangiopericitoma', 'C49'),
	(91, 'C49.M22', 'Angioendoteliomatosis maligna', 'C49'),
	(92, 'C49.M24', 'Dermatofibrosarcoma protruberante', 'C49'),
	(93, 'C49.M30', 'Tumor Bednar', 'C49'),
	(94, 'C49.M40', 'Sarcoma de piel', 'C49'),
	(95, 'C49.M42', 'Fibrosarcoma', 'C49'),
	(96, 'C49.M44', 'Schwannoma maligno', 'C49'),
	(97, 'C49.M48', 'Leiomiosarcoma', 'C49'),
	(98, 'C49.M50', 'Rabdomiosarcoma', 'C49'),
	(99, 'C49.M54', 'Mixofibrosarcoma', 'C49'),
	(100, 'C49.M60', 'Angiosarcoma cutáneo', 'C49'),
	(101, 'C49.M70', 'Limfangiosarcoma', 'C49'),
	(102, 'C50-C58', 'Neoplasias malignas de mama y de órganos genitales femeninos.', NULL),
	(103, 'C50', 'Neoplasias malignas de mama', 'C50-C58'),
	(104, 'C51', 'Neoplasias malignas de vulva', 'C50-C58'),
	(105, 'C52', 'Neoplasias malignas de vagina', 'C50-C58'),
	(106, 'C53', 'Neoplasias malignas de cuello uterino', 'C50-C58'),
	(107, 'C54', 'Neoplasias malignas del cuerpo del útero', 'C50-C58'),
	(108, 'C54.1', 'Cáncer endometrial', 'C50-C58'),
	(109, 'C55', 'Neoplasias malignas de las partes no especificadas del útero', 'C54.1'),
	(110, 'C56', 'Neoplasias malignas de ovario', 'C54.1'),
	(111, 'C57', 'Neoplasias malignas de otros órganos genitales femeninos no especificados', 'C54.1'),
	(112, 'C58', 'Neoplasias malignas de placenta', 'C54.1'),
	(113, 'C60-C63', 'Neoplasias de órganos genitales masculinos.', NULL),
	(114, 'C60', 'Neoplasias malignas de pene', 'C60-C63'),
	(115, 'C61', 'Neoplasias malignas de próstata', 'C60-C63'),
	(116, 'C62', 'Neoplasias malignas de testículo', 'C60-C63'),
	(117, 'C63', 'Neoplasias malignas otros órganos genitales masculinos no especificados', 'C60-C63'),
	(118, 'C64-C68', 'Neoplasias de órganos urinarios', NULL),
	(119, 'C64', 'Neoplasias malignas de riñón, excepto de la pelvis renal', 'C64-C68'),
	(120, 'C65', 'Neoplasias malignas de la pelvis renal', 'C64-C68'),
	(121, 'C66', 'Neoplasias malignas de uréter', 'C64-C68'),
	(122, 'C67', 'Neoplasias malignas de vejiga urinaria', 'C64-C68'),
	(123, 'C68', 'Neoplasias malignas de otros órganos urinarios no especificados', 'C64-C68'),
	(124, 'C69-C72', 'Neoplasias malignas del sistema nervioso', NULL),
	(125, 'C69', 'Neoplasias malignas de ojo y anexos', 'C68'),
	(126, 'C69.0', 'Neoplasias malignas de la conjuntiva', 'C68'),
	(127, 'C69.1', 'Neoplasias malignas de la córnea', 'C68'),
	(128, 'C69.2', 'Neoplasias malignas de la retina', 'C68'),
	(129, 'C69.3', 'Neoplasias malignas de las coroides', 'C68'),
	(130, 'C69.4', 'Neoplasias malignas de los cuerpos ciliares', 'C68'),
	(131, 'C69.5', 'Neoplasias malignas de la glándula y los conductos lagrimales', 'C68'),
	(132, 'C69.6', 'Neoplasias malignas de la órbita ocular', 'C68'),
	(133, 'C69.7', 'Lesión del solape del ojo y anexos', 'C68'),
	(134, 'C70', 'Neoplasias malignas de meninges', 'C69-C72'),
	(135, 'C70.0', 'Neoplasias malignas de las meninges cerebrales', 'C70'),
	(136, 'C70.1', 'Neoplasias malignas de las meninges espinales', 'C70'),
	(137, 'C71', 'Neoplasias malignas de cerebro', 'C69-C72'),
	(138, 'C71.0', 'Neoplasias malignas del telencéfalo, excepto lóbulos y ventrículos', 'C71'),
	(139, 'C71.1', 'Neoplasias malignas del lóbulo frontal', 'C71'),
	(140, 'C71.2', 'Neoplasias malignas del lóbulo temporal', 'C71'),
	(141, 'C71.3', 'Neoplasias malignas del lóbulo parietal', 'C71'),
	(142, 'C71.4', 'Neoplasias malignas del lóbulo occipital', 'C71'),
	(143, 'C71.5', 'Neoplasias malignas del sistema ventricular', 'C71'),
	(144, 'C71.6', 'Neoplasias malignas del cerebelo', 'C71'),
	(145, 'C71.7', 'Neoplasias malignas del tronco del encéfalo', 'C71'),
	(146, 'C71.8', 'Lesión del solape del cerebro', 'C71'),
	(147, 'C71.9', 'Neoplasias malignas de otras partes del cerebro sin especificar', 'C71'),
	(148, 'C72', 'Neoplasias malignas de la médula espinal, del par craneal y otras partes del sistema nervioso central', 'C69-C72'),
	(149, 'C72.0', 'Neoplasias malignas de la médula espinal', 'C72'),
	(150, 'C72.1', 'Neoplasias malignas de la cauda equina', 'C72'),
	(151, 'C72.2', 'Neoplasias malignas del nervio olfativo', 'C72'),
	(152, 'C72.3', 'Neoplasias malignas del nervio óptico', 'C72'),
	(153, 'C72.4', 'Neoplasias malignas del nervio auditivo', 'C72'),
	(154, 'C72.5', 'Neoplasias malignas otros nervios craneales', 'C72'),
	(155, 'C72.8', 'Lesión del solape del cerebro y otras partes del sistema nervioso central', 'C72'),
	(156, 'C72.9', 'Neoplasias malignas del sistema nervioso central sin especificar', 'C72'),
	(157, 'C73-C75', 'Neoplasias malignas de tiroides, otras glándulas endócrinas y estructuras similares', NULL),
	(158, 'C73', 'Neoplasias malignas de la glándula tiróidea', 'C73-C75'),
	(159, 'C74', 'Neoplasias malignas de la glándula suprarrenal', 'C73-C75'),
	(160, 'C74.0', 'Neoplasias malignas de la corteza de la glándula suprarrenal', 'C74'),
	(161, 'C74.1', 'Neoplasias malignas de la médula de la glándula suprarrenal', 'C74'),
	(162, 'C74.9', 'Neoplasias malignas de la glándula suprarrenal sin especificar', 'C74'),
	(163, 'C75', 'Neoplasias malignas de otras glándulas endocrinas y estructuras similares', 'C73-C75'),
	(164, 'C76-C80', 'Neoplasias malignas secundarias y de enfermedades', NULL),
	(165, 'C76', 'Neoplasias malignas de otras partes enfermas', 'C76-C80'),
	(166, 'C76.0', 'Neoplasias malignas de histiocitosis de células de Langerhans', 'C76'),
	(167, 'C76.1', 'Neoplasias malignas de linfohistiocitosis hemofagocítica', 'C76'),
	(168, 'C76.2', 'Neoplasias malignas del síndrome hemofagocítico asociado a infecciones', 'C76'),
	(169, 'C76.3', 'Neoplasias malignas debidos a otros síndromes de histiocitosis', 'C76'),
	(170, 'C77', 'Neoplasias malignas secundarias de nodos linfáticos', 'C76-C80'),
	(171, 'C78', 'Neoplasias malignas secundarias de órganos respiratorios y digestivos', 'C76-C80'),
	(172, 'C79', 'Neoplasias malignas secundarias de otras partes', 'C76-C80'),
	(173, 'C80', 'Neoplasias malignas sin parte especificada', 'C76-C80'),
	(174, 'C81-C96', 'Neoplasias malignas, declaradas o presuntas de ser primarias de tejidos linfoides, hematopoyéticos o tejidos relacionados', NULL),
	(175, 'C81', 'Enfermedad de Hodgkin', 'C81-C96'),
	(176, 'C81.0', 'Predominancia linfocítica', 'C81'),
	(177, 'C81.1', 'Esclerosis nodular', 'C81'),
	(178, 'C81.2', 'Celularidad mezclada', 'C81'),
	(179, 'C81.3', 'Depleción linfocítica', 'C81'),
	(180, 'C82', 'Linfoma folicular no-Hodgkin (nodular)', 'C81-C96'),
	(181, 'C82.0', 'Pequeñas células rajadas (folicular)', 'C82'),
	(182, 'C82.1', 'Mezcla de células rajadas pequeñas y grandes (folicular)', 'C82'),
	(183, 'C82.2', 'Grandes células (folicular)', 'C82'),
	(184, 'C83', 'Linfoma difuso no-Hodgkin', 'C81-C96'),
	(185, 'C83.0', 'Células pequeñas (difuso)', 'C83'),
	(186, 'C83.1', 'Pequeñas células rajadas (difuso)', 'C83'),
	(187, 'C83.2', 'Mezcla de células rajadas pequeñas y grandes (difuso)', 'C83'),
	(188, 'C83.3', 'Células grandes (difuso)', 'C83'),
	(189, 'C83.4', 'Inmunoblástico (difuso)', 'C83'),
	(190, 'C83.5', 'Linfoblástico (difuso)', 'C83'),
	(191, 'C83.6', 'Células madre (difuso)', 'C83'),
	(192, 'C83.7', 'Linfoma de Burkitt', 'C83'),
	(193, 'C84', 'Linfomas de células T periféricas y cutáneas', 'C81-C96'),
	(194, 'C84.0', 'Micosis fungoides', 'C84'),
	(195, 'C84.1', 'Síndrome de Sézary', 'C84'),
	(196, 'C84.2', 'Linfoma zona-T', 'C84'),
	(197, 'C84.3', 'Linfoma linfoepitelioide', 'C84'),
	(198, 'C84.4', 'Linfoma periférico tipo T', 'C84'),
	(199, 'C85', 'Otros tipos sin especificar de linfoma no-Hodgkin', 'C81-C96'),
	(200, 'C85.0', 'Linfosarcoma', 'C85'),
	(201, 'C85.1', 'Linfoma de células B, sin especificar', 'C85'),
	(202, 'C88', 'Enfermedades malignas inmunoproliferativas', 'C81-C96'),
	(203, 'C88.0', 'Macroglobulinemia Waldenström', 'C88'),
	(204, 'C88.1', 'Enfermedad de la cadena pesada alfa', 'C88'),
	(205, 'C88.2', 'Enfermedad de la cadena pesada gamma', 'C88'),
	(206, 'C88.3', 'Enfermedad inmunoproliferativa del intestino delgado', 'C88'),
	(207, 'C90', 'Mieloma múltiple y neoplasias malignas de células plasmáticas', 'C81-C96'),
	(208, 'C90.0', 'Mieloma múltiple', 'C90'),
	(209, 'C90.1', 'Leucemia de células plasmáticas', 'C90'),
	(210, 'C90.2', 'Plasmacitoma extramedular', 'C90'),
	(211, 'C91', 'Leucemia linfoide', 'C81-C96'),
	(212, 'C91.0', 'Leucemia linfoide aguda', 'C91'),
	(213, 'C91.1', 'Leucemia linfática crónica', 'C91'),
	(214, 'C91.4', 'Leucemia de las células capilares', 'C91'),
	(215, 'C92', 'Leucemia mieloide', 'C81-C96'),
	(216, 'C92.0', 'Leucemia mieloide aguda', 'C92'),
	(217, 'C92.1', 'Leucemia mieloide crónica', 'C92'),
	(218, 'C92.2', 'Leucemia mieloide subaguda', 'C92'),
	(219, 'C92.3', 'Sarcoma mieloide', 'C92'),
	(220, 'C92.4', 'Leucemia promielocítica aguda', 'C92'),
	(221, 'C92.5', 'Leucemia mielomonocítica aguda', 'C92'),
	(222, 'C93', 'Leucemia monocítica', 'C81-C96'),
	(223, 'C93.0', 'Leucemia monocítica aguda', 'C93'),
	(224, 'C93.1', 'Leucemia monocítica crónica', 'C93'),
	(225, 'C93.2', 'Leucemia monocítica subaguda', 'C93'),
	(226, 'C94', 'Otras leucemias de tipo de célula específico', 'C81-C96'),
	(227, 'C94.0', 'Policitemia aguda y eritroleucemia', 'C94'),
	(228, 'C94.1', 'Policitemia crónica', 'C94'),
	(229, 'C94.2', 'Leucemia megacarioblástica aguda', 'C94'),
	(230, 'C94.3', 'Leucemia mastocítica', 'C94'),
	(231, 'C94.4', 'Panmielosis aguda', 'C94'),
	(232, 'C94.5', 'Mielofibrosis aguda', 'C94'),
	(233, 'C94.7', 'Otras leucemis específicas', 'C94'),
	(234, 'C95', 'Otras leucemias de tipo de célula no específicas', 'C81-C96'),
	(235, 'C95.0', 'Leucemia aguda de tipos de célula no específicos', 'C95'),
	(236, 'C95.1', 'Leucemia crónica de tipos de célula no específicos', 'C95'),
	(237, 'C95.2', 'Leucemia subaguda de tipos de célula no específicos', 'C95'),
	(238, 'C95.7', 'Otras leucemias de tipos de célula no específicos', 'C95'),
	(239, 'C95.9', 'Leucamias sin especificar', 'C95'),
	(240, 'C96', 'Otras neoplasias malignas y neoplasias malignas no especificadas de tejidos linfoides, hematopoyéticos y tejidos relacionados', 'C81-C96'),
	(241, 'C96.0', 'Enfermedad Letterer-Siwe', 'C96'),
	(242, 'C96.1', 'Histiocitosis maligna', 'C96'),
	(243, 'C96.2', 'Tumor maligno de mastocitos', 'C96'),
	(244, 'C96.3', 'Linfoma histiocítico real', 'C96'),
	(245, 'C96.7', 'Otras neoplasias malignas de tejidos linfoides, hematopoyéticos y tejidos relacionados', 'C96'),
	(246, 'C96.9', 'Neoplasias malignas de tejidos linfoides, hematopoyéticos y tejidos relacionados sin especificar', 'C96'),
	(247, 'C97', 'Neoplasias malignas (primarias) de múltiples localizaciones independientes', NULL);
/*!40000 ALTER TABLE `oms_codes` ENABLE KEYS */;


-- Dumping structure for table geocan.oms_registers
DROP TABLE IF EXISTS `oms_registers`;
CREATE TABLE IF NOT EXISTS `oms_registers` (
  `id` int(10) unsigned NOT NULL auto_increment,
  `patient_id` char(36) NOT NULL,
  `medic_id` int(10) unsigned NOT NULL,
  `address_part_id` int(10) unsigned default NULL,
  `address_lab_id` int(10) unsigned default NULL,
  `oms_code_id` int(10) unsigned NOT NULL,
  `estadio` tinyint(2) unsigned default NULL,
  `fecha` datetime NOT NULL,
  `codificacion` varchar(30) default 'Tx;@Nx;@Mx;',
  PRIMARY KEY  (`id`),
  KEY `FK_oms_paciente` (`patient_id`),
  KEY `FK_oms_medico` (`medic_id`),
  KEY `FK_oms_direccion1` (`address_part_id`),
  KEY `FK_oms_direccion2` (`address_lab_id`),
  KEY `FK_oms_codigo_oms` (`oms_code_id`),
  KEY `FK_oms_registers_patient` (`patient_id`),
  KEY `FK_oms_registers_medic` (`medic_id`),
  KEY `FK_oms_registers_address1` (`address_part_id`),
  KEY `FK_oms_registers_address2` (`address_lab_id`),
  KEY `FK_oms_registers_oms_code` (`oms_code_id`),
  CONSTRAINT `FK_oms_registers_address1` FOREIGN KEY (`address_part_id`) REFERENCES `addresses` (`id`) ON DELETE NO ACTION ON UPDATE NO ACTION,
  CONSTRAINT `FK_oms_registers_address2` FOREIGN KEY (`address_lab_id`) REFERENCES `addresses` (`id`) ON DELETE NO ACTION ON UPDATE NO ACTION,
  CONSTRAINT `FK_oms_registers_medic` FOREIGN KEY (`medic_id`) REFERENCES `medics` (`id`) ON DELETE NO ACTION ON UPDATE NO ACTION,
  CONSTRAINT `FK_oms_registers_oms_code` FOREIGN KEY (`oms_code_id`) REFERENCES `oms_codes` (`id`) ON DELETE NO ACTION ON UPDATE NO ACTION,
  CONSTRAINT `FK_oms_registers_patient` FOREIGN KEY (`patient_id`) REFERENCES `patients` (`id`) ON DELETE NO ACTION ON UPDATE NO ACTION
) ENGINE=InnoDB AUTO_INCREMENT=89 DEFAULT CHARSET=utf8;

-- Dumping data for table geocan.oms_registers: ~87 rows (approximately)
DELETE FROM `oms_registers`;
/*!40000 ALTER TABLE `oms_registers` DISABLE KEYS */;
INSERT INTO `oms_registers` (`id`, `patient_id`, `medic_id`, `address_part_id`, `address_lab_id`, `oms_code_id`, `estadio`, `fecha`, `codificacion`) VALUES
	(2, '4fe3efc2-8788-4771-8328-11d47be0049b', 2, NULL, 2, 63, 0, '2012-06-22 00:00:00', 'Tx;@Nx;@Mx;'),
	(3, '4feb92e1-de74-4680-9ba5-10e8c0a80164', 1, 3, 4, 50, 0, '2012-06-27 00:00:00', 'Tx;@Nx;@Mx;'),
	(4, '4feb92e1-de74-4680-9ba5-10e8c0a80164', 2, 3, 4, 106, 0, '2012-06-27 00:00:00', 'Tx;@Nx;@Mx;'),
	(5, '4feb9307-60e8-4384-b436-10e8c0a80164', 1, 5, 6, 67, 1, '2012-06-27 00:00:00', 'Tx;@Nx;@Mx;'),
	(6, '4feb933c-36dc-4309-b7c8-10e8c0a80164', 1, 7, 8, 78, 0, '2012-06-27 00:00:00', 'Tx;@Nx;@Mx;'),
	(7, '4feb933c-36dc-4309-b7c8-10e8c0a80164', 1, 7, 8, 173, 0, '2012-06-27 00:00:00', 'Tx;@Nx;@Mx;'),
	(8, '4feb940c-657c-458b-bed9-10e8c0a80164', 1, 9, 10, 50, 0, '2012-06-27 00:00:00', 'Tx;@Nx;@Mx;'),
	(9, '4feb940c-657c-458b-bed9-10e8c0a80164', 2, 9, 10, 138, 0, '2012-06-27 00:00:00', 'Tx;@Nx;@Mx;'),
	(10, '4feb9422-3364-4746-8db7-10e8c0a80164', 1, 11, 12, 18, 1, '2012-06-27 00:00:00', 'Tx;@Nx;@Mx;'),
	(11, '4feb9524-f774-4c06-88c5-10e8c0a80164', 1, 13, 14, 67, 0, '2012-06-27 00:00:00', 'Tx;@Nx;@Mx;'),
	(12, '4feb9524-f774-4c06-88c5-10e8c0a80164', 1, 13, 14, 20, 0, '2012-06-27 00:00:00', 'Tx;@Nx;@Mx;'),
	(13, '4feb9581-38b4-49cc-bfdd-10e8c0a80164', 1, 15, 16, 46, 0, '2012-06-27 00:00:00', 'Tx;@Nx;@Mx;'),
	(14, '4feb9581-38b4-49cc-bfdd-10e8c0a80164', 1, 15, 16, 67, 0, '2012-06-27 00:00:00', 'Tx;@Nx;@Mx;'),
	(15, '4feb95eb-109c-4503-9170-10e8c0a80164', 1, 17, 18, 80, 1, '2012-06-27 00:00:00', 'Tx;@Nx;@Mx;'),
	(16, '4feb967b-a8cc-400c-8581-10e8c0a80164', 1, 19, 20, 30, 3, '2012-06-27 00:00:00', 'Tx;@Nx;@Mx;'),
	(17, '4feb96ce-7a40-404d-b131-10e8c0a80164', 1, 21, 22, 219, 0, '2012-06-27 00:00:00', 'Tx;@Nx;@Mx;'),
	(18, '4feb96ce-7a40-404d-b131-10e8c0a80164', 2, 21, 22, 154, 0, '2012-06-27 00:00:00', 'Tx;@Nx;@Mx;'),
	(19, '4feba5aa-0dc4-4ef3-8084-10e8c0a80164', 1, NULL, NULL, 20, 0, '2012-06-27 00:00:00', 'Tx;@Nx;@Mx;'),
	(20, '4fdfcc0a-d64c-42e0-9e2d-160c7be0049b', 1, 23, NULL, 64, 0, '1993-01-01 00:00:00', 'Tx;@Nx;@Mx;'),
	(21, '50002c22-d4cc-4586-a7d6-08607be0049b', 1, 25, 26, 50, 0, '2012-07-13 00:00:00', 'Tx;@Nx;@Mx;'),
	(22, '501158ba-885c-4a1b-8b70-08e07be0049b', 1, 27, NULL, 246, 0, '2012-07-26 00:00:00', 'Tx;@Nx;@Mx;'),
	(23, '502c4101-3078-4158-9148-64475dbd255d', 1, 29, NULL, 78, 0, '2012-08-15 00:00:00', 'Tx;@Nx;@Mx;'),
	(24, '503116c9-3540-4125-834a-7cfe5dbd255d', 1, 30, 31, 115, 2, '2012-08-19 00:00:00', 'Tx;@Nx;@Mx;'),
	(25, '50311782-3670-47c9-9ce5-7f365dbd255d', 1, 32, 33, 103, 1, '2012-08-19 00:00:00', 'Tx;@Nx;@Mx;'),
	(26, '503117f9-a994-4c44-a55d-7cfd5dbd255d', 1, 34, 35, 38, 0, '2012-08-19 00:00:00', 'Tx;@Nx;@Mx;'),
	(27, '50311853-16f0-4286-91ce-7f1f5dbd255d', 1, 36, 37, 158, 1, '2012-08-19 00:00:00', 'Tx;@Nx;@Mx;'),
	(28, '503118e6-2db0-4092-b2b0-7f1f5dbd255d', 1, 38, NULL, 67, 3, '2012-08-19 00:00:00', 'Tx;@Nx;@Mx;'),
	(29, '5031194a-a1a0-44cc-97d7-7f365dbd255d', 1, 39, 40, 116, 3, '2012-08-19 00:00:00', 'Tx;@Nx;@Mx;'),
	(30, '5031199f-2c68-4138-8e56-7fda5dbd255d', 1, 41, 42, 29, 2, '2012-08-19 00:00:00', 'Tx;@Nx;@Mx;'),
	(31, '50311a13-359c-48ec-99f8-74375dbd255d', 1, 43, 44, 108, 0, '2012-08-19 00:00:00', 'Tx;@Nx;@Mx;'),
	(32, '50311c12-f994-4606-9d1d-74375dbd255d', 1, 47, 48, 53, 2, '2012-08-19 00:00:00', 'Tx;@Nx;@Mx;'),
	(33, '50311ced-4b30-4274-a899-7fc05dbd255d', 1, 49, 50, 77, 0, '2012-08-19 00:00:00', 'Tx;@Nx;@Mx;'),
	(34, '503253db-a0e0-4141-a738-2b0e5dbd255d', 1, 51, 52, 119, 4, '2012-08-20 00:00:00', 'Tx;@Nx;@Mx;'),
	(35, '5032545c-1b94-4bc7-b9da-47f75dbd255d', 1, 53, 54, 80, 1, '2012-08-20 00:00:00', 'Tx;@Nx;@Mx;'),
	(36, '503254bf-8d0c-4c49-ae23-482d5dbd255d', 1, 55, 56, 141, 3, '2012-08-20 00:00:00', 'Tx;@Nx;@Mx;'),
	(37, '50325669-b664-4584-afec-428f5dbd255d', 1, 57, 58, 53, 0, '2012-08-20 00:00:00', 'Tx;@Nx;@Mx;'),
	(38, '5036a6ca-471c-45a3-ba8a-39f75dbd255d', 2, 59, NULL, 89, 2, '2012-08-23 00:00:00', 'Tx;@Nx;@Mx;'),
	(39, '5036aa3a-aa18-4774-857a-3b845dbd255d', 2, 61, NULL, 116, 1, '2012-08-23 00:00:00', 'Tx;@Nx;@Mx;'),
	(40, '5036ab61-8b0c-437b-944f-3bec5dbd255d', 2, 62, NULL, 110, 2, '2009-05-02 00:00:00', 'Tx;@Nx;@Mx;'),
	(41, '5036ac0c-73d0-4d07-a004-3d045dbd255d', 1, 64, 65, 110, 4, '2012-08-23 00:00:00', 'Tx;@Nx;@Mx;'),
	(42, '50395dc4-c6d0-4ad5-8d86-41ae5dbd255d', 1, 66, 67, 65, 0, '2012-04-22 00:00:00', 'Tx;@Nx;@Mx;'),
	(43, '50395ef4-de54-4651-9984-41e85dbd255d', 1, 68, 69, 158, 0, '2012-08-25 00:00:00', 'Tx;@Nx;@Mx;'),
	(44, '50395fcf-df84-4b5a-a515-42b35dbd255d', 1, 70, 71, 104, 0, '2012-08-25 00:00:00', 'Tx;@Nx;@Mx;'),
	(45, '5039606c-9f90-4d7f-bf85-432f5dbd255d', 1, 72, 73, 106, 2, '2012-08-25 00:00:00', 'Tx;@Nx;@Mx;'),
	(46, '50396190-d844-44fc-9ff0-43305dbd255d', 1, 74, 75, 38, 1, '2012-08-25 00:00:00', 'Tx;@Nx;@Mx;'),
	(47, '50396248-9114-4cb0-b8a6-43e75dbd255d', 1, 76, NULL, 122, 3, '2012-08-25 00:00:00', 'Tx;@Nx;@Mx;'),
	(48, '5039632e-e46c-48d8-ac55-443a5dbd255d', 1, 77, 78, 103, 4, '2012-08-25 00:00:00', 'Tx;@Nx;@Mx;'),
	(49, '50396392-0510-4339-b25e-44585dbd255d', 1, 79, 80, 71, 2, '2012-08-25 00:00:00', 'Tx;@Nx;@Mx;'),
	(50, '50396422-0258-4417-bd87-44ba5dbd255d', 1, 81, 82, 80, 2, '2012-08-25 00:00:00', 'Tx;@Nx;@Mx;'),
	(51, '503ab937-cf58-447f-b181-36f45dbd255d', 1, 83, 84, 122, 2, '2012-08-26 00:00:00', 'Tx;@Nx;@Mx;'),
	(52, '503ab9a8-1bc4-4602-84ac-37a05dbd255d', 1, 85, 86, 65, 0, '2012-08-26 00:00:00', 'Tx;@Nx;@Mx;'),
	(53, '503ab9f5-0298-4a80-8325-37745dbd255d', 1, 87, 88, 40, 0, '2012-08-26 00:00:00', 'Tx;@Nx;@Mx;'),
	(54, '50418cff-4204-420c-a6b4-1c165dbd255d', 1, 89, 90, 171, 0, '2012-09-01 00:00:00', 'Tx;@Nx;@Mx;'),
	(55, '50418db5-6b9c-4411-b1e8-1c3d5dbd255d', 1, 91, 92, 69, 4, '2012-09-01 00:00:00', 'Tx;@Nx;@Mx;'),
	(56, '50418e46-3110-46af-8a0a-1c0c5dbd255d', 1, 93, 94, 19, 0, '2012-09-01 00:00:00', 'Tx;@Nx;@Mx;'),
	(57, '50444577-b5f8-4a07-b1a6-2e2d5dbd255d', 2, 95, 96, 80, 0, '2012-09-03 00:00:00', 'Tx;@Nx;@Mx;'),
	(58, '506ce132-7238-4fc4-b524-23185dbd255d', 2, 97, 98, 94, 0, '2000-04-01 00:00:00', 'Tx;@Nx;@Mx;'),
	(59, '506d102b-7908-4e98-9401-41185dbd255d', 1, 99, 100, 65, 2, '2012-10-04 00:00:00', 'Tx;@Nx;@Mx;'),
	(60, '506d1128-a15c-4966-a2ec-41185dbd255d', 1, 101, 102, 38, 2, '2012-10-04 00:00:00', 'Tx;@Nx;@Mx;'),
	(61, '506d1133-9e84-4c82-92ae-41185dbd255d', 2, 103, NULL, 69, 0, '2012-10-04 00:00:00', 'Tx;@Nx;@Mx;'),
	(62, '506d122d-cae8-480b-b883-42845dbd255d', 1, 104, 105, 135, 4, '2012-10-04 00:00:00', 'Tx;@Nx;@Mx;'),
	(63, '506d12d9-92ec-479d-8287-42b15dbd255d', 1, 106, 107, 103, 1, '2012-10-04 00:00:00', 'Tx;@Nx;@Mx;'),
	(64, '506d1433-2724-4c61-9b2c-428b5dbd255d', 1, 108, 109, 67, 4, '2012-10-04 00:00:00', 'Tx;@Nx;@Mx;'),
	(65, '506d14a9-72e4-4c3e-bb9a-44185dbd255d', 1, 110, 111, 175, 2, '2012-10-04 00:00:00', 'Tx;@Nx;@Mx;'),
	(66, '506d152c-8fe4-4d7e-99c8-43f15dbd255d', 1, 112, 113, 115, 0, '2012-10-04 00:00:00', 'Tx;@Nx;@Mx;'),
	(67, '506d15d9-30c8-422a-a928-428b5dbd255d', 1, 114, 115, 13, 2, '2012-10-04 00:00:00', 'Tx;@Nx;@Mx;'),
	(68, '506d1669-a098-4f64-b20b-45305dbd255d', 1, 116, 117, 71, 2, '2012-10-04 00:00:00', 'Tx;@Nx;@Mx;'),
	(69, '506e5f59-90f0-4abb-949a-25f25dbd255d', 1, 120, 121, 77, 3, '2012-10-05 00:00:00', 'Tx;@Nx;@Mx;'),
	(70, '506e5fe4-c210-44d0-9f07-25ed5dbd255d', 1, 122, 123, 69, 1, '2012-10-05 00:00:00', 'Tx;@Nx;@Mx;'),
	(71, '506e60c4-1c8c-4273-a0f8-25ed5dbd255d', 1, 124, 125, 81, 3, '2012-10-05 00:00:00', 'Tx;@Nx;@Mx;'),
	(72, '506e615f-74e0-4ae6-9dd8-25ca5dbd255d', 1, 126, 127, 10, 0, '2012-10-05 00:00:00', 'Tx;@Nx;@Mx;'),
	(73, '506e61e0-ab88-41c4-b5d3-25f25dbd255d', 1, 128, 129, 38, 3, '2012-10-05 00:00:00', 'Tx;@Nx;@Mx;'),
	(74, '506e6252-7af4-47b5-93b6-268b5dbd255d', 1, 130, 131, 110, 0, '2012-10-05 00:00:00', 'Tx;@Nx;@Mx;'),
	(75, '506e62ba-9f38-473f-ba11-25f15dbd255d', 1, 132, 133, 103, 0, '2012-10-05 00:00:00', 'Tx;@Nx;@Mx;'),
	(76, '506e6313-4b48-4de1-8950-25ca5dbd255d', 1, 134, 135, 180, 0, '2012-10-05 00:00:00', 'Tx;@Nx;@Mx;'),
	(77, '506e6387-c128-4b92-8d0f-25f15dbd255d', 1, 136, 137, 52, 3, '2012-10-05 00:00:00', 'Tx;@Nx;@Mx;'),
	(78, '506e63f7-a1e8-4047-b82c-27225dbd255d', 1, 138, 139, 115, 0, '2012-10-05 00:00:00', 'Tx;@Nx;@Mx;'),
	(79, '506f02b8-4ca4-4b17-8259-417d5dbd255d', 1, 140, 141, 81, 2, '2012-10-05 00:00:00', 'Tx;@Nx;@Mx;'),
	(80, '506f0465-6d18-4bc7-82d0-417d5dbd255d', 1, 142, NULL, 103, 1, '2012-10-05 00:00:00', 'Tx;@Nx;@Mx;'),
	(81, '506f054e-be40-4b0b-bde8-43b15dbd255d', 1, 143, 144, 10, 0, '2006-09-05 00:00:00', 'Tx;@Nx;@Mx;'),
	(82, '506f05f1-b6a0-4e82-8ff1-43185dbd255d', 1, 145, NULL, 69, 3, '2012-10-05 00:00:00', 'Tx;@Nx;@Mx;'),
	(83, '506f06db-7130-4443-974d-438e5dbd255d', 1, 146, 147, 211, 3, '2011-10-10 00:00:00', 'Tx;@Nx;@Mx;'),
	(84, '506f07a6-7c34-4804-98ad-43735dbd255d', 1, 148, 149, 116, 1, '2012-10-05 00:00:00', 'Tx;@Nx;@Mx;'),
	(85, '506f08e5-31a4-416b-aa2d-43735dbd255d', 1, 150, 151, 9, 3, '2012-10-05 00:00:00', 'Tx;@Nx;@Mx;'),
	(86, '506f096d-6a40-448a-9d1a-44b75dbd255d', 1, 152, NULL, 142, 1, '2012-10-05 00:00:00', 'Tx;@Nx;@Mx;'),
	(87, '506f096d-6a40-448a-9d1a-44b75dbd255d', 1, 152, NULL, 142, 1, '2012-10-05 00:00:00', 'Tx;@Nx;@Mx;'),
	(88, '506f0b34-2d90-48f4-aa41-461f5dbd255d', 1, 153, 154, 158, 0, '2012-10-05 00:00:00', 'Tx;@Nx;@Mx;');
/*!40000 ALTER TABLE `oms_registers` ENABLE KEYS */;


-- Dumping structure for table geocan.patients
DROP TABLE IF EXISTS `patients`;
CREATE TABLE IF NOT EXISTS `patients` (
  `id` char(36) NOT NULL,
  `iniciales` varchar(5) default NULL,
  `fecha_nacimiento` date default NULL,
  `sexo` enum('M','F') default NULL,
  `address_particular_id` int(10) unsigned default NULL,
  `address_laboral_id` int(10) unsigned default NULL,
  `nro_documento` char(64) NOT NULL,
  `created` datetime default NULL,
  `modified` datetime default NULL,
  `peso` decimal(5,2) default '0.00',
  `altura` decimal(3,2) default '0.00',
  `vive` tinyint(1) default '1',
  `fecha_defuncion` date default NULL,
  `job_id` int(10) unsigned default '1',
  PRIMARY KEY  (`id`),
  KEY `FK_patient_address1` (`address_particular_id`),
  KEY `FK_patient_address2` (`address_laboral_id`),
  KEY `fk_patients_jobs` (`job_id`),
  CONSTRAINT `fk_patients_jobs` FOREIGN KEY (`job_id`) REFERENCES `jobs` (`id`),
  CONSTRAINT `FK_patient_address1` FOREIGN KEY (`address_particular_id`) REFERENCES `addresses` (`id`),
  CONSTRAINT `FK_patient_address2` FOREIGN KEY (`address_laboral_id`) REFERENCES `addresses` (`id`)
) ENGINE=InnoDB DEFAULT CHARSET=utf8;

-- Dumping data for table geocan.patients: ~86 rows (approximately)
DELETE FROM `patients`;
/*!40000 ALTER TABLE `patients` DISABLE KEYS */;
INSERT INTO `patients` (`id`, `iniciales`, `fecha_nacimiento`, `sexo`, `address_particular_id`, `address_laboral_id`, `nro_documento`, `created`, `modified`, `peso`, `altura`, `vive`, `fecha_defuncion`, `job_id`) VALUES
	('4fdfcc0a-d64c-42e0-9e2d-160c7be0049b', 'GHT2', '1984-02-14', 'M', 24, NULL, 'd62bce2760df0b171b2269de45884537a88be6ade7835de091b10c896433aac4', '2012-06-18 21:47:06', '2012-10-03 21:41:58', 85.60, 1.76, 1, NULL, 1),
	('4fe3efc2-8788-4771-8328-11d47be0049b', 'GEO', '2001-01-11', 'M', NULL, 2, '14080a7bd5cba8e3ad8eb95245115622a325d01a99ee463163abc053a92dafaa', '2012-06-22 01:08:34', '2012-06-22 01:08:34', 0.00, 0.00, 1, NULL, 1),
	('4feb92e1-de74-4680-9ba5-10e8c0a80164', 'SAM', '2012-04-02', 'M', 3, 4, 'a5cb5eb02820ab12dd1d70f777f4c283b2b526ce31e1c2be481fa54f9cbcd3b0', '2012-06-27 20:10:25', '2012-06-27 20:10:25', 0.00, 0.00, 1, NULL, 1),
	('4feb9307-60e8-4384-b436-10e8c0a80164', '555', '1962-06-19', 'F', 5, 6, 'cdec4860f4ebbc8eed9a2e2f6eb4ee5275985134d78c4469ec542ecb3b77774a', '2012-06-27 20:11:03', '2012-06-27 20:11:03', 0.00, 0.00, 1, NULL, 1),
	('4feb933c-36dc-4309-b7c8-10e8c0a80164', 'SPIN', '2002-06-27', 'M', 7, 8, '75990f478268b73281858131a82a8680e199d3e2e8479e7e4f2b077967721236', '2012-06-27 20:11:56', '2012-06-27 20:11:56', 0.00, 0.00, 1, NULL, 1),
	('4feb940c-657c-458b-bed9-10e8c0a80164', 'DOS', '1992-06-27', 'M', 9, 10, 'ba4b4de236fe1a73f841d63c65d6bba688aa57615fdf03ff729bc6bb248fad8c', '2012-06-27 20:15:24', '2012-06-27 20:15:24', 0.00, 0.00, 1, NULL, 1),
	('4feb9422-3364-4746-8db7-10e8c0a80164', '666', '1952-06-18', 'F', 11, 12, '2c2b21b1b668c06ae479516a1d12b6c77c1fe562c0f958693ef48ecb3bb6f47a', '2012-06-27 20:15:46', '2012-06-27 20:15:46', 0.00, 0.00, 1, NULL, 1),
	('4feb9524-f774-4c06-88c5-10e8c0a80164', 'TRES', '1982-06-27', 'M', 13, 14, '9385b3ad1854d255920b0b22262c1eaecaac18a6ddc9ef4f46976bb73214c065', '2012-06-27 20:20:04', '2012-06-27 20:20:04', 0.00, 0.00, 1, NULL, 1),
	('4feb9581-38b4-49cc-bfdd-10e8c0a80164', 'CUAT', '1972-06-27', 'M', 15, 16, '6ad56c4f317d256b49a7aa7d0dec42562a728dc0bc9547bc42da30aa04ae2576', '2012-06-27 20:21:37', '2012-06-27 20:21:37', 0.00, 0.00, 1, NULL, 1),
	('4feb95eb-109c-4503-9170-10e8c0a80164', '777', '1942-06-09', 'F', 17, 18, 'd25f3f948eba0cb14688e0eb42996c46acaf66a72a33e6f349ce3bb0e40b2054', '2012-06-27 20:23:23', '2012-06-27 20:23:23', 0.00, 0.00, 1, NULL, 1),
	('4feb967b-a8cc-400c-8581-10e8c0a80164', '888', '1932-06-19', 'M', 19, 20, 'c31d9bbb1d7ae71c8c07666bf93dfc4c8a264605c02dcad7c8de8c5008e16b6e', '2012-06-27 20:25:47', '2012-06-27 20:25:47', 0.00, 0.00, 1, NULL, 1),
	('4feb96ce-7a40-404d-b131-10e8c0a80164', 'NUEV', '1922-06-27', 'M', 21, 22, '63d740f8e6e2b5ca1b9c582d6006c0c5a5f01d1253fff7e846f1b3c5bf094ac2', '2012-06-27 20:27:10', '2012-06-27 20:27:10', 0.00, 0.00, 1, NULL, 1),
	('4feba5aa-0dc4-4ef3-8084-10e8c0a80164', 'PEPE', '1913-06-27', 'M', NULL, NULL, '67796106662c5d969e93c7a554943f9972f778cdd8509ec93ff2b885f53be420', '2012-06-27 21:30:34', '2012-06-27 21:30:34', 0.00, 0.00, 1, NULL, 1),
	('50002c22-d4cc-4586-a7d6-08607be0049b', 'MUJ', '1997-02-12', 'F', 25, 26, '92a4de94262d6c828355ee88aefb749a6ad02fef54bb71df24b0539719331b8f', '2012-07-13 11:09:38', '2012-07-13 11:09:38', 0.00, 0.00, 1, NULL, 1),
	('501158ba-885c-4a1b-8b70-08e07be0049b', '789', '1986-10-25', 'M', 27, NULL, '055901f4f08c9490af908a46de09234ec95abf1c44e16837c4a848635a7c6f25', '2012-07-26 11:48:26', '2012-07-26 11:48:26', 0.00, 0.00, 1, NULL, 1),
	('502c4019-7f6c-400a-9c04-64475dbd255d', 'jh', '1996-08-09', 'M', 28, NULL, 'f9c1a42e2a3579eaaa8b1ccd81416d332fae38f53b2552bc6ee9af6898338862', '2012-08-15 21:34:33', '2012-08-15 21:34:33', 0.00, 0.00, 1, NULL, 1),
	('502c4101-3078-4158-9148-64475dbd255d', 'ñl', '1998-07-27', 'M', 29, NULL, '2c3cd4316d4085b677190add5da862a4dad010a1103cd3513fedd4c892fbde02', '2012-08-15 21:38:25', '2012-08-15 21:38:25', 0.00, 0.00, 1, NULL, 1),
	('503116c9-3540-4125-834a-7cfe5dbd255d', 'JJ', '2040-03-07', 'M', 30, 31, 'b60d00ade53b95a7c2c2621c4217e102024384112f9dd228c2c3b5a94004a79e', '2012-08-19 13:39:37', '2012-08-19 13:39:37', 0.00, 0.00, 1, NULL, 1),
	('50311782-3670-47c9-9ce5-7f365dbd255d', 'KK', '1966-03-25', 'F', 32, 33, 'c20a915b7f873fd014b68f0ad218d91acdf17f4ff61a6ade4732c613969d259f', '2012-08-19 13:42:42', '2012-08-19 13:42:42', 0.00, 0.00, 1, NULL, 1),
	('503117f9-a994-4c44-a55d-7cfd5dbd255d', 'RR', '1950-02-17', 'M', 34, 35, 'aa9178ffb7055c86ddd9b42dd5c6e84ae2b0e9b17baed7ae6d6784d5eeeca00e', '2012-08-19 13:44:41', '2012-08-19 13:44:41', 0.00, 0.00, 1, NULL, 1),
	('50311853-16f0-4286-91ce-7f1f5dbd255d', 'PP', '1971-09-13', 'M', 36, 37, 'c50c662d752388edd3b1b51fbc00262657db8384de806466d7db3b0f8eb57b56', '2012-08-19 13:46:11', '2012-08-19 13:46:11', 0.00, 0.00, 1, NULL, 1),
	('503118e6-2db0-4092-b2b0-7f1f5dbd255d', 'MM', '1971-01-18', 'M', 38, NULL, 'b628cf539fa041771828df3c3d035ba53d11e4c448d2e5fed4506dfe1d7d99fe', '2012-08-19 13:48:38', '2012-08-19 13:48:38', 0.00, 0.00, 1, NULL, 1),
	('5031194a-a1a0-44cc-97d7-7f365dbd255d', 'EE', '1977-08-01', 'M', 39, 40, '46e73ad2cad509cc55f8f963ddb9c04eac8530a0417b94676c9f3d4d7c40d7b5', '2012-08-19 13:50:18', '2012-08-19 13:50:18', 0.00, 0.00, 1, NULL, 1),
	('5031199f-2c68-4138-8e56-7fda5dbd255d', 'PO', '1936-08-21', 'M', 41, 42, 'a0d549910aabad7f37e4b8d0b1eb04697bc769c565aea95001057fac3c84c99f', '2012-08-19 13:51:43', '2012-08-19 13:51:43', 0.00, 0.00, 1, NULL, 1),
	('50311a13-359c-48ec-99f8-74375dbd255d', 'UH', '1933-08-16', 'F', 43, 44, '7d3db5a6bca15cfba21d00045fc423cb90ba9a314e66bde87f49892746ae800e', '2012-08-19 13:53:39', '2012-08-19 13:53:39', 0.00, 0.00, 1, NULL, 1),
	('50311b99-bc08-471b-9737-7fc05dbd255d', 'PL', '1952-10-22', 'F', 45, 46, '543f87ee2e05f1542136044a45cdfcdfb0b85ebb7f697ae8629dda75b4cee4f8', '2012-08-19 14:00:09', '2012-08-19 14:00:09', 0.00, 0.00, 1, NULL, 1),
	('50311c12-f994-4606-9d1d-74375dbd255d', 'LL', '1948-08-12', 'F', 47, 48, 'dd9227cf667557b9ee2db8714e6e524b5aec8a9facafef7600826858a17c4563', '2012-08-19 14:02:10', '2012-08-19 14:02:10', 0.00, 0.00, 1, NULL, 1),
	('50311ced-4b30-4274-a899-7fc05dbd255d', 'AS', '1937-12-24', 'F', 49, 50, 'ed9591479e1c733da14076ad4c29441ef614d5651b54a0b91a8543f46629f185', '2012-08-19 14:05:49', '2012-08-19 14:05:49', 0.00, 0.00, 1, NULL, 1),
	('503253db-a0e0-4141-a738-2b0e5dbd255d', 'EE', '1957-08-04', 'F', 51, 52, '563d3b03efa0152823d7874e52341f10da8e72f5c64365bf07513d5fbe519a64', '2012-08-20 12:12:27', '2012-08-20 12:12:27', 0.00, 0.00, 1, NULL, 1),
	('5032545c-1b94-4bc7-b9da-47f75dbd255d', 'LK', '1969-02-04', 'M', 53, 54, 'df05d8d6237b9a86480766b5f57f3e7be7977702ecfe4e9a91edcd99bb606bcf', '2012-08-20 12:14:36', '2012-08-20 12:14:36', 0.00, 0.00, 1, NULL, 1),
	('503254bf-8d0c-4c49-ae23-482d5dbd255d', 'DF', '1947-07-23', 'F', 55, 56, 'a088af6211af7f2991e25660cbdb3edf2882a93c0cd39e70e5a5e80e62b8cc0c', '2012-08-20 12:16:15', '2012-08-20 12:16:15', 0.00, 0.00, 1, NULL, 1),
	('50325669-b664-4584-afec-428f5dbd255d', 'GH', '1933-08-01', 'M', 57, 58, '27033caba8282294b38cbaff6f17bc30882ff795fae039bc6d27be9d6e1abfb5', '2012-08-20 12:23:21', '2012-08-20 12:23:21', 0.00, 0.00, 1, NULL, 1),
	('5036a6ca-471c-45a3-ba8a-39f75dbd255d', 'Jc', '1982-07-15', 'F', 59, NULL, 'd70ec720c39bd33394aa51eef6095303182e1db432129ae0e3134155f7260fd0', '2012-08-23 18:55:22', '2012-08-23 18:55:22', 0.00, 0.00, 1, NULL, 1),
	('5036a9a1-5c58-4643-9465-3bb35dbd255d', 'Rn', '1991-10-09', 'M', 60, NULL, 'fde73238e79cf520a99c6c135514383c47eee2454368a2805a2b5314b5e08c09', '2012-08-23 19:07:29', '2012-08-23 19:07:29', 0.00, 0.00, 1, NULL, 1),
	('5036aa3a-aa18-4774-857a-3b845dbd255d', 'Rn', '1991-10-09', 'M', 61, NULL, 'fe91ea5ba800dfbcf8a35bd278fb368177def30c900a72a1d258a6a6ad70b5e6', '2012-08-23 19:10:02', '2012-08-23 19:12:27', 0.00, 0.00, 1, NULL, 1),
	('5036ab61-8b0c-437b-944f-3bec5dbd255d', 'FP', '1954-08-10', 'F', 62, NULL, '30249b1cf24b06fc9e88e50a4502f5db1a3269380454219b3b70605536364f3b', '2012-08-23 19:14:57', '2012-08-23 19:14:57', 0.00, 0.00, 1, NULL, 1),
	('5036abc6-f424-49db-942b-3cb45dbd255d', 'Cv', '1979-06-02', 'F', 63, NULL, 'db7ade0b458005d06d9188c9bc70c82615ce9d900824c5bba5ee6b3ad0c847bc', '2012-08-23 19:16:38', '2012-08-23 19:16:38', 0.00, 0.00, 1, NULL, 1),
	('5036ac0c-73d0-4d07-a004-3d045dbd255d', 'Cv', '1979-06-02', 'M', 64, 65, 'b89c498296f12147ea93761aa50066757aa22c1ae0d49201d89c63a4613be5fe', '2012-08-23 19:17:48', '2012-08-23 19:17:48', 0.00, 0.00, 1, NULL, 1),
	('50395dc4-c6d0-4ad5-8d86-41ae5dbd255d', 'k.g', '1970-07-12', 'M', 66, 67, '84fc4be1d1524260d7326dd80c3d70d4be1b86bb65ce6d779936dea6b3404693', '2012-08-25 20:20:36', '2012-08-25 20:20:36', 0.00, 0.00, 1, NULL, 1),
	('50395ef4-de54-4651-9984-41e85dbd255d', 'L.N', '1960-05-14', 'F', 68, 69, 'b5c43998232a1dfa2832d39595305d9f57def7e31c4afa7796bafa7b8a6db38d', '2012-08-25 20:25:40', '2012-08-25 20:25:40', 0.00, 0.00, 1, NULL, 1),
	('50395fcf-df84-4b5a-a515-42b35dbd255d', 'G.B', '1950-03-14', 'F', 70, 71, '8c262529b5808e074d9a599e13426c007363e1fa6e80d7a67dad7335b3d9f759', '2012-08-25 20:29:19', '2012-08-25 20:29:19', 0.00, 0.00, 1, NULL, 1),
	('5039606c-9f90-4d7f-bf85-432f5dbd255d', 'F.D', '1980-08-13', 'F', 72, 73, '94f125434519100de5e7a001e89620d028e3ff723bbef92e985018682fee3787', '2012-08-25 20:31:56', '2012-08-25 20:31:56', 0.00, 0.00, 1, NULL, 1),
	('50396190-d844-44fc-9ff0-43305dbd255d', 'D.J', '1958-09-25', 'F', 74, 75, 'b8137658ab371449a79153fec7b02d20776055dc1e8a6d37070868ce0f38cc2b', '2012-08-25 20:36:48', '2012-08-25 20:36:48', 0.00, 0.00, 1, NULL, 1),
	('50396248-9114-4cb0-b8a6-43e75dbd255d', 'S.U', '1960-08-05', 'F', 76, NULL, '1e26ebe3b9f4214c48dfff6222f21f810f16b87a6735bb2786104c30f7feafb0', '2012-08-25 20:39:52', '2012-08-25 20:39:52', 0.00, 0.00, 1, NULL, 1),
	('5039632e-e46c-48d8-ac55-443a5dbd255d', 'H.F', '1961-06-15', 'F', 77, 78, '7c569d145761ed05caa2d0f6beb00326fed226391888ce74296a742b8230cadd', '2012-08-25 20:43:42', '2012-08-25 20:43:42', 0.00, 0.00, 1, NULL, 1),
	('50396392-0510-4339-b25e-44585dbd255d', 'T.I', '1955-08-06', 'F', 79, 80, '25ce54d9e54e1b48e4e2c807ae7c188e04f25fcb5d02f74dff8078f23c0a4ae6', '2012-08-25 20:45:22', '2012-08-25 20:45:22', 0.00, 0.00, 1, NULL, 1),
	('50396422-0258-4417-bd87-44ba5dbd255d', 'S.H', '1962-05-14', 'F', 81, 82, '385618243e9a21090dd4da84cc158a6569122820d01c26743a41c2e09503d1ab', '2012-08-25 20:47:46', '2012-08-25 20:47:46', 0.00, 0.00, 1, NULL, 1),
	('503ab937-cf58-447f-b181-36f45dbd255d', 'PL', '1934-02-16', 'M', 83, 84, 'a1d29743426502d8b712e569eb9a12a255ad4788d6e0620f06c7e72633cbda71', '2012-08-26 21:03:03', '2012-08-26 21:03:03', 0.00, 0.00, 1, NULL, 1),
	('503ab9a8-1bc4-4602-84ac-37a05dbd255d', 'MK', '1936-05-11', 'F', 85, 86, '23bbd3ff96e050109a1a158b563d4528cb22ec0a9dc9f4355866ee567449d87a', '2012-08-26 21:04:56', '2012-08-26 21:04:56', 0.00, 0.00, 1, NULL, 1),
	('503ab9f5-0298-4a80-8325-37745dbd255d', 'PO', '1935-09-24', 'F', 87, 88, '8200f950baa157bca83f739ac700c2cdd60b60df87d66c90a7f1460dbc070bc8', '2012-08-26 21:06:13', '2012-08-26 21:06:13', 0.00, 0.00, 1, NULL, 1),
	('50418cff-4204-420c-a6b4-1c165dbd255d', 'FP', '1991-08-06', 'M', 89, 90, '368a4e340c7743c93d470b4073d98611cec8a5a11553dfb48df94945eb7c4788', '2012-09-01 01:20:15', '2012-09-01 01:20:15', 0.00, 0.00, 1, NULL, 1),
	('50418db5-6b9c-4411-b1e8-1c3d5dbd255d', 'HY', '1952-05-23', 'M', 91, 92, '958be1646dad67624da83c609898d2fe96c818b91a5e73eab8327487e0ef5c84', '2012-09-01 01:23:17', '2012-09-01 01:23:17', 0.00, 0.00, 1, NULL, 1),
	('50418e46-3110-46af-8a0a-1c0c5dbd255d', 'JK', '1971-04-07', 'M', 93, 94, '3b62af2d71504125e26f63a1b6219cf3cb23f008d05c7589d7b7684dfa6a5af2', '2012-09-01 01:25:42', '2012-09-01 01:25:42', 0.00, 0.00, 1, NULL, 1),
	('50444577-b5f8-4a07-b1a6-2e2d5dbd255d', 'BETA', '1970-01-14', 'M', 95, 96, 'afc46e8aa01a17ce4d91b51553e8e08bbdb2b79b0a1d69082d27287fbc0614ca', '2012-09-03 02:51:51', '2012-09-03 02:51:51', 75.50, 1.65, 1, NULL, 2),
	('506cd777-11f0-4444-829e-20ac5dbd255d', 'sdsad', '1941-10-01', 'M', NULL, NULL, 'b17670be13df6c91ed31fc448b73e1f562586153d736e7a5644f5c46ac0c7ce4', '2012-10-03 21:25:27', '2012-10-03 21:25:27', 0.00, 0.00, 1, NULL, 1),
	('506ce132-7238-4fc4-b524-23185dbd255d', 'NUE', '1930-01-01', 'M', 97, 98, '6e7abcad49b4c21fbfba1fbd8002762fb8da8e08387b67cf0716ff7c7f2c4575', '2012-10-03 22:06:58', '2012-10-03 22:14:06', 72.00, 1.59, 0, NULL, 3),
	('506d102b-7908-4e98-9401-41185dbd255d', 'JJ', '1933-10-11', 'M', 99, 100, '2903472d3684214b816f5e8281b36d2a2a38a04b36cc416fcb9e08bec97a649a', '2012-10-04 01:27:23', '2012-10-04 01:27:23', 75.00, 1.80, 1, NULL, 4),
	('506d1128-a15c-4966-a2ec-41185dbd255d', 'PL', '1932-03-07', 'M', 101, 102, 'e078d9b5201a8b88a9f0ce9ef2d3beff3d731aa4cdea4a2e2778dd791d8e97bb', '2012-10-04 01:31:36', '2012-10-04 01:31:36', 89.00, 1.72, 1, NULL, 2),
	('506d1133-9e84-4c82-92ae-41185dbd255d', 'mb', '1983-05-28', 'M', 103, NULL, 'f3860bfffe87298ce14ce244cde564961f190f3492a45accf4826c5cb9d27a7b', '2012-10-04 01:31:47', '2012-10-04 01:31:47', 82.00, 0.00, 1, NULL, 1),
	('506d122d-cae8-480b-b883-42845dbd255d', 'PP', '1959-04-14', 'F', 104, 105, '51d9067198b7a33135aff3152a54d5df9d040d3475dd4c570a86b849904c6c5e', '2012-10-04 01:35:57', '2012-10-04 01:35:57', 98.00, 1.74, 1, NULL, 3),
	('506d12d9-92ec-479d-8287-42b15dbd255d', 'DF', '1934-07-20', 'F', 106, 107, '310de3b7a763c5af66f840fc073618202b798434883cafc4679af4b8827bd62d', '2012-10-04 01:38:49', '2012-10-04 01:38:49', 85.00, 1.65, 1, NULL, 4),
	('506d1433-2724-4c61-9b2c-428b5dbd255d', 'MO', '1932-02-07', 'F', 108, 109, '5862bf4a9a873de5093cc7af9a888d7b0fdaf1a4cfb7251f8efc4d687a9e9088', '2012-10-04 01:44:35', '2012-10-04 01:44:35', 65.00, 1.70, 0, NULL, 1),
	('506d14a9-72e4-4c3e-bb9a-44185dbd255d', 'PI', '1955-05-10', 'M', 110, 111, 'a9f3cffff1ffdb3112beb9bb068f0cab75959a6945c078cf637d9c61ef70fec3', '2012-10-04 01:46:33', '2012-10-04 01:46:33', 100.00, 1.78, 1, NULL, 4),
	('506d152c-8fe4-4d7e-99c8-43f15dbd255d', 'OI', '1946-03-05', 'M', 112, 113, 'cd393f445b1a21229e8c4f8dd756de62abb4d1b73164f5c9fe85da1aa28ebaf3', '2012-10-04 01:48:44', '2012-10-04 01:48:44', 130.00, 1.80, 1, NULL, 1),
	('506d15d9-30c8-422a-a928-428b5dbd255d', 'KJ', '1938-03-07', 'M', 114, 115, '45cbad3ff4dfe7874d02dcaf6df9fc0b406bf64666403f6ec236a1032797dfc8', '2012-10-04 01:51:37', '2012-10-04 01:51:37', 75.00, 1.80, 1, NULL, 4),
	('506d1669-a098-4f64-b20b-45305dbd255d', 'MS', '1931-02-02', 'M', 116, 117, 'e36f7113bbd0ef6f6c71ce289ef249f1f1bd8b8e4f870358a1b4e5a58ac092f0', '2012-10-04 01:54:01', '2012-10-04 01:54:01', 98.00, 1.98, 1, NULL, 1),
	('506d16e3-2014-4901-826b-428b5dbd255d', 'PR', '1932-04-12', 'M', 118, 119, '5d182aa1358738b236c381230fb1b267cb7937429284def4a12559514f76522c', '2012-10-04 01:56:03', '2012-10-04 01:56:03', 80.00, 1.80, 0, '2007-10-02', 1),
	('506e5f59-90f0-4abb-949a-25f25dbd255d', 'HH', '1931-09-29', 'F', 120, 121, 'ca57c96fbdb9bfee4141370b115e91c52f82a95a515c3f710e469723a3316873', '2012-10-05 01:17:29', '2012-10-05 01:17:29', 78.00, 1.75, 0, '2011-08-31', 3),
	('506e5fe4-c210-44d0-9f07-25ed5dbd255d', 'OI', '1932-06-06', 'M', 122, 123, 'cbf67761255988277ef8fb40c26308ce2677e43776bc10ccc0b10d6507725e74', '2012-10-05 01:19:48', '2012-10-05 01:19:48', 78.00, 1.78, 1, NULL, 5),
	('506e60c4-1c8c-4273-a0f8-25ed5dbd255d', 'FG', '1948-08-23', 'M', 124, 125, '40d658468d26b2054522072d85c6acc004c2f2222db64d1ff2e00165acb32c68', '2012-10-05 01:23:32', '2012-10-05 01:23:32', 98.00, 1.80, 1, NULL, 5),
	('506e615f-74e0-4ae6-9dd8-25ca5dbd255d', 'HG', '1939-08-25', 'M', 126, 127, '3375f2bae119360d6f60b47d4fff6b01de49b28e1717857b32cbbac9218c04f4', '2012-10-05 01:26:07', '2012-10-05 01:26:32', 65.00, 1.70, 1, NULL, 1),
	('506e61e0-ab88-41c4-b5d3-25f25dbd255d', 'NN', '1933-03-09', 'M', 128, 129, '3a8203731509b96ec8e2302f6fa27dfbbb93782f18a5f3b1ba481b40a9a014ec', '2012-10-05 01:28:16', '2012-10-05 01:28:16', 87.00, 1.85, 1, NULL, 1),
	('506e6252-7af4-47b5-93b6-268b5dbd255d', 'RR', '1935-06-20', 'F', 130, 131, 'c18240bdf55ab1daccd6396231a0f8d654cf0bdf5906631a20554949b5d6b97f', '2012-10-05 01:30:10', '2012-10-05 01:30:10', 65.00, 1.69, 1, NULL, 4),
	('506e62ba-9f38-473f-ba11-25f15dbd255d', 'AAL', '1944-05-18', 'F', 132, 133, 'de9b2f85cfd555d08bb3881383fdb0d15dcf8fb7404f4fc6bb7c37753c720b76', '2012-10-05 01:31:54', '2012-10-05 01:32:11', 70.00, 1.70, 0, NULL, 1),
	('506e6313-4b48-4de1-8950-25ca5dbd255d', 'HHG', '1945-03-08', 'M', 134, 135, 'e3c0e8676b13fc2fd0923b9fec01c02f49d748151b9493f003e809b31eb4e3d6', '2012-10-05 01:33:23', '2012-10-05 01:33:38', 80.00, 1.70, 1, NULL, 1),
	('506e6387-c128-4b92-8d0f-25f15dbd255d', 'FR', '1937-05-11', 'M', 136, 137, '0d49f24d99d483886931ae0fe452ff632295804a6948e1027399a304efc1da38', '2012-10-05 01:35:19', '2012-10-05 01:35:33', 69.00, 1.70, 1, NULL, 4),
	('506e63f7-a1e8-4047-b82c-27225dbd255d', 'YU', '1932-02-08', 'M', 138, 139, '175ccefb8daefbb729f101db4da37f89329be78e1f51a020ebe7e5068db59c7e', '2012-10-05 01:37:11', '2012-10-05 01:37:11', 90.00, 1.85, 1, NULL, 5),
	('506f02b8-4ca4-4b17-8259-417d5dbd255d', 'MA', '1960-04-15', 'F', 140, 141, '3a63d24d7699c9ec2f30e8cedb3af4f347f74596a757a43e8c8d967044cd1d7c', '2012-10-05 12:54:32', '2012-10-05 12:54:32', 59.50, 1.68, 1, NULL, 5),
	('506f0465-6d18-4bc7-82d0-417d5dbd255d', 'AN', '1936-01-30', 'M', 142, NULL, '2259ca4bb4f3548736747e0be01c15df55c94a0998a7e187bda5870f4419c46b', '2012-10-05 13:01:41', '2012-10-05 13:01:41', 55.60, 1.43, 1, NULL, 3),
	('506f054e-be40-4b0b-bde8-43b15dbd255d', 'GA', '1950-04-05', 'M', 143, 144, '36b4558212bc74f011fbf517f10b83cccf871bd4e431f4920f76de05f34b7cd6', '2012-10-05 13:05:34', '2012-10-05 13:05:34', 73.90, 1.60, 1, NULL, 4),
	('506f05f1-b6a0-4e82-8ff1-43185dbd255d', 'LR', '1935-12-23', 'M', 145, NULL, '2063375de568103ab2070946207cc886b0b34e6a429fa7d9333ea5035839d6fc', '2012-10-05 13:08:17', '2012-10-05 13:08:17', 83.00, 1.75, 1, NULL, 3),
	('506f06db-7130-4443-974d-438e5dbd255d', 'FG', '1989-11-06', 'F', 146, 147, '6b8e268ee61507770d622f06822334e50bb1f2cc105f604f3e1ad00dfe4ff655', '2012-10-05 13:12:11', '2012-10-05 13:12:11', 50.00, 1.64, 1, NULL, 4),
	('506f07a6-7c34-4804-98ad-43735dbd255d', 'IP', '1987-05-14', 'M', 148, 149, 'd63bc3cf60c06c71f7c4925c197f57ee2c70afda6e0b68406b7fdc56eacd6f0a', '2012-10-05 13:15:34', '2012-10-05 13:15:34', 105.00, 1.93, 1, NULL, 5),
	('506f08e5-31a4-416b-aa2d-43735dbd255d', 'JT', '1973-08-23', 'M', 150, 151, '9033ccc3a9e25b6f5cc80daa7052e5724f11cc699b07de447a1e102d346d294d', '2012-10-05 13:20:53', '2012-10-05 13:24:30', 0.00, 0.00, 1, NULL, 4),
	('506f096d-6a40-448a-9d1a-44b75dbd255d', 'HG', '1953-08-25', 'M', 152, NULL, '77d778978c411313972d290c4dd3af20ba94f9c338767cca26fbc6dc123875ef', '2012-10-05 13:23:09', '2012-10-05 13:23:09', 78.00, 1.66, 1, NULL, 2),
	('506f0b34-2d90-48f4-aa41-461f5dbd255d', 'RR', '1951-06-06', 'F', 153, 154, '2f3fafa6a2559b4bc8d0786784286120d9cefcfe11d801907de89392cb6732e1', '2012-10-05 13:30:44', '2012-10-05 13:30:44', 65.00, 1.62, 1, NULL, 4);
/*!40000 ALTER TABLE `patients` ENABLE KEYS */;


-- Dumping structure for table geocan.provinces
DROP TABLE IF EXISTS `provinces`;
CREATE TABLE IF NOT EXISTS `provinces` (
  `id` int(10) unsigned NOT NULL auto_increment,
  `nombre` varchar(100) NOT NULL,
  PRIMARY KEY  (`id`)
) ENGINE=InnoDB AUTO_INCREMENT=25 DEFAULT CHARSET=utf8;

-- Dumping data for table geocan.provinces: ~24 rows (approximately)
DELETE FROM `provinces`;
/*!40000 ALTER TABLE `provinces` DISABLE KEYS */;
INSERT INTO `provinces` (`id`, `nombre`) VALUES
	(1, 'Buenos Aires'),
	(2, 'Catamarca'),
	(3, 'Chaco'),
	(4, 'Chubut'),
	(5, 'Bs As Capital'),
	(6, 'Córdoba'),
	(7, 'Corrientes'),
	(8, 'Entre Ríos'),
	(9, 'Formosa'),
	(10, 'Jujuy'),
	(11, 'La Pampa'),
	(12, 'La Rioja'),
	(13, 'Mendoza'),
	(14, 'Misiones'),
	(15, 'Neuquen'),
	(16, 'Río Negro'),
	(17, 'Salta'),
	(18, 'San Juan'),
	(19, 'San Luis'),
	(20, 'Santa Cruz'),
	(21, 'Santa Fe'),
	(22, 'Santiago del Estero'),
	(23, 'Tierra del Fuego'),
	(24, 'Tucumán');
/*!40000 ALTER TABLE `provinces` ENABLE KEYS */;


-- Dumping structure for table geocan.questions
DROP TABLE IF EXISTS `questions`;
CREATE TABLE IF NOT EXISTS `questions` (
  `id` int(10) unsigned NOT NULL auto_increment,
  `descripcion` varchar(255) NOT NULL,
  `visible` tinyint(1) NOT NULL,
  PRIMARY KEY  (`id`)
) ENGINE=InnoDB AUTO_INCREMENT=7 DEFAULT CHARSET=utf8;

-- Dumping data for table geocan.questions: ~5 rows (approximately)
DELETE FROM `questions`;
/*!40000 ALTER TABLE `questions` DISABLE KEYS */;
INSERT INTO `questions` (`id`, `descripcion`, `visible`) VALUES
	(1, '¿Fuma?', 1),
	(2, '¿Bebe?', 1),
	(3, '¿Antecedentes de Cancer?', 1),
	(4, 'ACO/TRH', 1),
	(6, 'Hace ejercicio', 0);
/*!40000 ALTER TABLE `questions` ENABLE KEYS */;


-- Dumping structure for table geocan.users
DROP TABLE IF EXISTS `users`;
CREATE TABLE IF NOT EXISTS `users` (
  `id` int(11) NOT NULL auto_increment,
  `username` varchar(255) NOT NULL,
  `password` char(40) NOT NULL,
  `group_id` int(11) NOT NULL,
  `created` datetime default NULL,
  `modified` datetime default NULL,
  `medic_id` int(10) unsigned default NULL,
  `blocked` tinyint(1) unsigned default '0',
  PRIMARY KEY  (`id`),
  UNIQUE KEY `username` (`username`),
  KEY `FK_users_group` (`group_id`),
  KEY `FK_users_medic` (`medic_id`),
  CONSTRAINT `FK_users_group` FOREIGN KEY (`group_id`) REFERENCES `groups` (`id`),
  CONSTRAINT `FK_users_medic` FOREIGN KEY (`medic_id`) REFERENCES `medics` (`id`)
) ENGINE=InnoDB AUTO_INCREMENT=8 DEFAULT CHARSET=utf8;

-- Dumping data for table geocan.users: ~4 rows (approximately)
DELETE FROM `users`;
/*!40000 ALTER TABLE `users` DISABLE KEYS */;
INSERT INTO `users` (`id`, `username`, `password`, `group_id`, `created`, `modified`, `medic_id`, `blocked`) VALUES
	(1, 'admin', '3784364f60b0989c0059deb3210dc30966a4ec6c', 1, '2012-04-13 22:24:30', '2012-07-08 19:09:17', NULL, 0),
	(5, 'medico', '3784364f60b0989c0059deb3210dc30966a4ec6c', 2, '2012-08-14 20:24:14', '2012-08-14 20:25:41', 2, 0),
	(6, 'ayudante', '3784364f60b0989c0059deb3210dc30966a4ec6c', 3, '2012-08-14 20:30:37', '2012-10-03 21:14:07', NULL, 0),
	(7, 'medico2', '3784364f60b0989c0059deb3210dc30966a4ec6c', 2, '2012-08-14 20:52:00', '2012-08-14 20:53:36', 1, 0);
/*!40000 ALTER TABLE `users` ENABLE KEYS */;
/*!40014 SET FOREIGN_KEY_CHECKS=1 */;
/*!40101 SET CHARACTER_SET_CLIENT=@OLD_CHARACTER_SET_CLIENT */;
